,timestamp,x,y,z,w
0,1456704054358492,0.008820895756392869,0.006456761535719304,0.012335888924906379,0.006228902935165596
1,1456704054374493,0.021654405231953482,0.012081183965335317,0.019006671385799603,0.012388329827348206
2,1456704054397494,0.03366973211591225,0.017161889160345358,0.02424329695168047,0.019436063300357197
3,1456704054420024,0.04427171642702253,0.021212804182298813,0.02704941905356651,0.028046491410165544
4,1456704054434513,0.053115816229871514,0.02392335785981255,0.027123184074201806,0.03835762314118597
5,1456704054457509,0.059964180503316415,0.025216630684383207,0.024991524295608646,0.04963519398706777
6,1456704054479510,0.064483016894775,0.025238584975325343,0.021871466187468575,0.06020049454229641
7,1456704054519058,0.06618206315835429,0.024282792778117727,0.01925895291492344,0.06782280516450738
8,1456704054521056,0.06459649409553733,0.022697954304241413,0.018396587433420614,0.07049373564133253
9,1456704054532524,0.059613626450410295,0.020821510528126596,0.01984323699441817,0.0672350489392912
10,1456704054554526,0.051725867403135194,0.018946465301798318,0.023310800124702203,0.058548849379871766
11,1456704054578526,0.042037030028340874,0.017305426754897463,0.027811973733190117,0.04630686372558755
12,1456704054592527,0.032001810128399526,0.016058138098887134,0.03205824555605242,0.03314875008205332
13,1456704054636540,0.023025336014163744,0.015279283172583107,0.03497275257771005,0.021668599990727212
14,1456704054644541,0.016107959246167092,0.014951472214814977,0.03612147761135009,0.013722545857229058
15,1456704054656542,0.011670002204338793,0.014973053767089958,0.0358543764147567,0.010072271112640365
16,1456704054674738,0.009583741903132019,0.015188552256486446,0.03505693267825203,0.010382966873988405
17,1456704054697666,0.009351381233563508,0.015437756980149948,0.03462812715394747,0.013467827116250792
18,1456704054712546,0.010335715177065724,0.015603037675664103,0.034975828549905254,0.01767090541833584
19,1456704054735431,0.01196233669020492,0.015630152355116632,0.035810621446052154,0.021327148241851408
20,1456704054758477,0.013838253573219666,0.015517294771388466,0.03633412058573241,0.023231845752053695
21,1456704054772107,0.015758924753502428,0.015293444996255623,0.03569392636817705,0.022988154058242904
22,1456704054795365,0.017615466850020703,0.015009550109335619,0.03344501563375436,0.021075608985015287
23,1456704054818410,0.019268265201196177,0.014742263087641328,0.029775444608805417,0.018575694978706363
24,1456704054831619,0.020484150500930772,0.014589334502741177,0.025401288886737598,0.016664067004556683
25,1456704054854621,0.02099583897941628,0.014640374781080009,0.021218207517190633,0.016104285430206196
26,1456704054877623,0.02064852979074515,0.014929240674530402,0.017909087339698114,0.01696468573763596
27,1456704054891623,0.019526102449161836,0.015393855278245017,0.015702851414542668,0.018651702350464774
28,1456704054915128,0.01796005511345023,0.015871919136585682,0.01438117683477873,0.02020380322019073
29,1456704054937635,0.01640173660753892,0.016144949562168293,0.013496807595822152,0.020694054035800703
30,1456704054953637,0.015216410785935497,0.016017732684601244,0.012668815225380955,0.019566297097861236
31,1456704054974638,0.014496618165410088,0.015401365479515752,0.011805616981788449,0.01678134057758241
32,1456704054997639,0.013993470944705919,0.014365875145183683,0.011170338820888324,0.012762677049613239
33,1456704055013912,0.013228193116231593,0.013140060818100858,0.011289558437488505,0.0082405837989087
34,1456704055034651,0.011771637895043369,0.012053043143112264,0.012762265912932107,0.004114088520133852
35,1456704055064653,0.00959502163460908,0.011429986775163457,0.016040425003732175,0.0013742908465633902
36,1456704055073653,0.007342755812463443,0.01147345449099235,0.021244083347845322,0.0010398295077076118
37,1456704055094654,0.006378561113482793,0.01217800406392169,0.02805856795417336,0.004023272645700327
38,1456704055118378,0.008509202683251747,0.013327359740047059,0.035744326401108834,0.010887916837881107
39,1456704055134384,0.015394584670912788,0.01459719944122149,0.04327021937224447,0.02153372032841048
40,1456704055155383,0.027796667531000442,0.015732651963498365,0.049553080781298234,0.0349304625081292
41,1456704055178446,0.04495282048154344,0.016713978451962392,0.053747728877434425,0.049064302037161486
42,1456704055194367,0.06440101483714171,0.01780539833633528,0.055495451333766266,0.06124574150290901
43,1456704055215171,0.08247281780276232,0.019423596506597026,0.055037837918330515,0.06880805438922091
44,1456704055238183,0.09540235063745217,0.02185688601743692,0.053161659677892374,0.07001002391550615
45,1456704055254385,0.10066184333265113,0.024975300001967366,0.05102340657148376,0.0647465285544599
46,1456704055274186,0.09792713996270005,0.028126686114963394,0.049919807157105145,0.05465623757810133
47,1456704055298187,0.08920143395619355,0.030343945207058135,0.05100302667453922,0.04251140776220365
48,1456704055314187,0.07804764878930699,0.03080113143248709,0.05490470975844759,0.031211284700293607
49,1456704055334200,0.06830409004750414,0.02927286564728256,0.061335946116652544,0.022917625908695782
50,1456704055358201,0.06283666496476943,0.02631916662184859,0.06888467105599419,0.01870518897754444
51,1456704055374203,0.06280431896657157,0.023072826815331876,0.0752489288848835,0.01874598323058061
52,1456704055394203,0.06766055961856861,0.020741824582775986,0.07796024636435324,0.022773134924625005
53,1456704055418224,0.07575533169098693,0.020096948009105848,0.07538203457746322,0.030476046096396706
54,1456704055434232,0.08511223023732715,0.02120485187640183,0.06757529676558144,0.0415609182712459
55,1456704055454234,0.09394973882404835,0.023513953514105033,0.056610657009033,0.05544428450557337
56,1456704055478234,0.10079401697942376,0.026205136273668456,0.04610200234986312,0.07081582018057288
57,1456704055500236,0.10435854375881957,0.028590681598653713,0.04008144370239331,0.08543547768934767
58,1456704055514236,0.1035073013384568,0.030349014449104473,0.04165797414498452,0.0964398942141954
59,1456704055537253,0.09750728395848639,0.03150836260772204,0.05201107409642213,0.10117837308254968
60,1456704055559255,0.08650214070032859,0.032257017372131755,0.07010206314520925,0.09828567675335521
61,1456704055574371,0.07188612610893537,0.032755845251015256,0.09315215735372337,0.08846895969466181
62,1456704055597257,0.05623242889506696,0.03309041942991645,0.11761420309480258,0.07451847963178043
63,1456704055619769,0.042698383729876374,0.03335079481650379,0.1401802625842887,0.06041469385218582
64,1456704055635284,0.03418402265610526,0.03370054745549268,0.15839311461613673,0.04989604614806888
65,1456704055658290,0.0326327370914597,0.03432472888143866,0.17069409256774956,0.04513402383805061
66,1456704055680287,0.03864699210330533,0.03529568605929788,0.17612406652609452,0.04608361563476023
67,1456704055695288,0.0513187681843787,0.03649046693444389,0.17411782065399434,0.05075156343914537
68,1456704055718808,0.06816916688529341,0.03763407155028257,0.16469279691153837,0.05622841980074903
69,1456704055740370,0.0853461585592907,0.03841617312518556,0.14894187694809702,0.06000405770143238
70,1456704055762316,0.0983705670207905,0.03857496519519345,0.12941496905573766,0.06097892914728098
71,1456704055778371,0.1034390593456761,0.037898175933528296,0.10994226971135299,0.05976307519491616
72,1456704055800370,0.09878060260243261,0.03618883672515058,0.09471611417849704,0.05819691501988826
73,1456704055816381,0.08535811526862115,0.03328590665830924,0.08687643307326548,0.058347557694294463
74,1456704055838485,0.06655954991044317,0.02917599521669871,0.08724787944575003,0.06144311150185734
75,1456704055860492,0.047098445111812284,0.024136740117400902,0.09399827288291976,0.06724675965433406
76,1456704055875336,0.03166420489453355,0.01881210115254844,0.1036178721998955,0.0741713232908015
77,1456704055899337,0.023812411100016924,0.014166694841498455,0.1128639447249027,0.08004363662267255
78,1456704055920352,0.025346192236155106,0.011337588815620392,0.12065496808170595,0.08308204085638055
79,1456704055935366,0.03618052970311436,0.011426684448998125,0.12882572526305985,0.0826054004805386
80,1456704055958362,0.0545188118069059,0.015257805969136617,0.14125169775351476,0.07925574595871278
81,1456704055979364,0.0772000698578646,0.023115634331237037,0.16173709057805702,0.07479623332915403
82,1456704055995393,0.10024008683259515,0.03451967647244502,0.19169925346865133,0.07159542262587218
83,1456704056027222,0.11965064335564361,0.048135680215002655,0.22875009545635439,0.07185216381573321
84,1456704056039707,0.1324167055320111,0.0619282132842978,0.2668180226526959,0.07671676428247508
85,1456704056055505,0.13722857462317156,0.07357389738192309,0.2977764277672217,0.08566869806121688
86,1456704056078507,0.13459042395240883,0.08101317235137154,0.3139713919751632,0.09650025417177518
87,1456704056102509,0.126325299353411,0.08292111618034405,0.31073986615704524,0.10594749742046483
88,1456704056116035,0.1148695755504732,0.07893054750155594,0.28799824930404133,0.11070683560904081
89,1456704056138617,0.10276636314053164,0.06962331089458675,0.2502643691207148,0.10851099615382805
90,1456704056160618,0.09253053286173131,0.056448178976082564,0.20507619321751128,0.09897670477613672
91,1456704056176619,0.08677602159802415,0.041680465039422854,0.16053262602312957,0.08391527268815653
92,1456704056198620,0.0882446806055295,0.028360392594220307,0.123138738155511,0.06686142163406153
93,1456704056220220,0.0993220252110331,0.020024592246495117,0.09685517505545514,0.05189187144104903
94,1456704056235437,0.12096665868339998,0.0200968990251292,0.08339159198017032,0.042192463474406944
95,1456704056258437,0.1515367493344589,0.030980997794510908,0.08305654949670663,0.038965763439613034
96,1456704056279438,0.18629397830401392,0.053082284916677755,0.09539332003362778,0.041092301588318544
97,1456704056295473,0.21816332742108938,0.08411200778832784,0.11925883141527016,0.04566110253295239
98,1456704056319244,0.239770883782216,0.11905033248210437,0.15249753200602767,0.04921932890162459
99,1456704056340474,0.24614899775191085,0.1510117044154557,0.19162437846776806,0.049380885528996304
100,1456704056356255,0.23707518924815252,0.17296077412303762,0.2318896150765961,0.04629540450316112
101,1456704056378396,0.21804190323396877,0.17985502752505347,0.2678446664642751,0.04343736534069323
102,1456704056402397,0.19933824588910043,0.17048211189750917,0.29425723003565596,0.047217411496571486
103,1456704056416152,0.19336350975013356,0.14818991599202339,0.30709044854153256,0.06510248614068083
104,1456704056453418,0.21078913012028588,0.12002269806070873,0.3042813267349875,0.1024477534732382
105,1456704056461416,0.25652995490811686,0.0944411600094895,0.2861543042281561,0.15909339208874498
106,1456704056476417,0.3268162171384086,0.07850644482379925,0.2554223171110579,0.22745674587050257
107,1456704056498421,0.40882053006367375,0.07570514349935202,0.2168327031741838,0.2936360691471351
108,1456704056521937,0.48372935819551865,0.08524992196248286,0.1765829778722018,0.34171576509645446
109,1456704056542454,0.5326071313628703,0.10292592031453061,0.14160389024342304,0.3596718111278922
110,1456704056559447,0.5427300407308054,0.12288244348386274,0.11866876725763409,0.34416852031611544
111,1456704056581449,0.5116255286151806,0.13955548695317135,0.113189920344578,0.3019098913793611
112,1456704056595464,0.44721848641696293,0.14910206793198408,0.12772964082583538,0.2468777692034777
113,1456704056619012,0.36432848178583643,0.15005418362137762,0.16066329148877662,0.19477834005013844
114,1456704056641483,0.2792136459860085,0.1431785876075742,0.20572298918493392,0.15728743549034127
115,1456704056655484,0.20449340615413364,0.13076459657744283,0.25297660296788316,0.138655587958143
116,1456704056678485,0.14649763468230134,0.11574227726205101,0.29118973571155093,0.1359367099971062
117,1456704056701486,0.10583659266094926,0.1009946850592901,0.3108417977489325,0.1422056967179793
118,1456704056724007,0.08022918437996329,0.08892207646041572,0.3067221574939985,0.15069943564719626
119,1456704056738508,0.06748368849666346,0.08105904099479339,0.27920122165427397,0.1576711885807632
120,1456704056761509,0.06684767541548085,0.07766411726748589,0.23382055720958395,0.16285696973125502
121,1456704056782550,0.0783741225536449,0.07752632143748307,0.179452988310266,0.16795888759374356
122,1456704056798511,0.10127024003086221,0.07830350144354979,0.12570200359798192,0.17446218785385345
123,1456704056822031,0.1325503994136812,0.0774011821292687,0.08038441837195172,0.18206473512640658
124,1456704056843007,0.16681392422044336,0.07303349582141616,0.04787916259988846,0.18838322509053693
125,1456704056858945,0.19722419944120287,0.06497946922281317,0.028806663783538612,0.18991727201064368
126,1456704056881734,0.21724124536675055,0.054681841226497725,0.020974208384929843,0.18373400086029457
127,1456704056903011,0.22247586102487055,0.04462740694704649,0.020996599775121066,0.16907291322939053
128,1456704056919486,0.21208332401427793,0.03728835512869589,0.025776029386431688,0.14814387698962478
129,1456704056941758,0.18923775936762682,0.03412937618871479,0.033257878392139915,0.12575100002410827
130,1456704056962761,0.16037746097941094,0.03513313158385291,0.04240986274568374,0.10782576955479602
131,1456704056978779,0.13320689561493645,0.038989098229469325,0.052806769897708675,0.0993436218739435
132,1456704057008762,0.11398079134504169,0.04374862162236759,0.0642512300471284,0.10238635138338292
133,1456704057022771,0.10516412032349792,0.04758515011436597,0.07659066543836687,0.11518755970023871
134,1456704057038778,0.10465111366557009,0.04935029383460934,0.08962557335293397,0.13267084152307057
135,1456704057061780,0.10703294645121841,0.048776031949073005,0.10297772648487608,0.148305430020167
136,1456704057082781,0.10628030969987377,0.046328081621724714,0.11593318445784169,0.15645610531249715
137,1456704057099019,0.09844272465500012,0.04282627400444043,0.12737387109269027,0.1541991681887007
138,1456704057122237,0.08308287761295868,0.03901463589906026,0.13586484706905425,0.14190682363634727
139,1456704057142329,0.06300090868039684,0.035270007916616476,0.13986681902447795,0.12255026659013679
140,1456704057158192,0.04273157467570948,0.03156424160376608,0.1380250231557797,0.10026371997734891
141,1456704057180193,0.026743502668805534,0.02766423093646202,0.1295485594056396,0.0789195870489146
142,1456704057202199,0.018100473492704806,0.02343327200123181,0.11470622454604014,0.06123031721539424
143,1456704057218709,0.0178615086712249,0.019055634777683236,0.09531779616798877,0.04847001075115902
144,1456704057240227,0.025103862989185103,0.015066693081582438,0.07490209559950531,0.040624762074789794
145,1456704057262387,0.03733733292869678,0.012189358718418695,0.05811240760435385,0.036757065704819555
146,1456704057279228,0.05116157634440349,0.011072805767493393,0.04941156063528718,0.03547969156458957
147,1456704057301350,0.06310099014441929,0.012050026742469945,0.05145463272839762,0.03548340966011002
148,1456704057323185,0.07049037691501064,0.014993685120315079,0.06396080541919329,0.035996031877226664
149,1456704057339384,0.07213836268953498,0.01930613957888152,0.08368488533761162,0.03698941451610965
150,1456704057361149,0.06848611257196342,0.0240503398366208,0.10553100235240011,0.03902409184405422
151,1456704057384351,0.061209627983879904,0.0281938459128921,0.12426614485721175,0.04279424780161402
152,1456704057399353,0.05249864178808053,0.030889303158978643,0.1360575978736174,0.048572891701720015
153,1456704057428859,0.044333133460988466,0.0316865120609976,0.13927086070446107,0.05579901450283505
154,1456704057443362,0.03796564928876468,0.030603901492531806,0.1344127949444292,0.06301840505982746
155,1456704057458363,0.03369527105284133,0.028062571488062377,0.12347437837213612,0.06827186870074378
156,1456704057481365,0.03098076734356885,0.02473843338852549,0.10905539242174732,0.0698085807124522
157,1456704057504377,0.028900655631886648,0.021385315080135907,0.09359463969472874,0.06681461485118063
158,1456704057519155,0.026844071646634226,0.018658621249462135,0.07890635953255887,0.059843469549979496
159,1456704057540989,0.025150567131127326,0.016966183665889305,0.06608748255219231,0.05078703725250532
160,1456704057563990,0.025334187245017955,0.01638492082036426,0.05571540815516578,0.04237979923423917
161,1456704057579131,0.02964693812010443,0.016677156800648827,0.04814076910134269,0.03734380945056533
162,1456704057601256,0.04006041209916509,0.017405151139099247,0.04366645918336712,0.03741488206559714
163,1456704057624356,0.05709186443360333,0.018096465665305428,0.04252138370671085,0.04260437558994858
164,1456704057639000,0.07903795723906769,0.018391171904480773,0.044708452737637086,0.05101836037037599
165,1456704057661003,0.10202554609142346,0.01812243201257899,0.049894708803521086,0.05935135797902584
166,1456704057684003,0.12096236150088875,0.01733003662930657,0.057452703282660895,0.0639227747971799
167,1456704057699040,0.1311432962500197,0.01624252693067398,0.06662708120303865,0.06196030064114768
168,1456704057721030,0.13002979637989578,0.015250885729404398,0.07670316836306394,0.05277572219433784
169,1456704057744038,0.11859671939513367,0.014845635558362899,0.08704499445280152,0.038479865847646046
170,1456704057765044,0.10168647588105387,0.015464923210902837,0.09694505396488669,0.02393056475276576
171,1456704057781050,0.08708105291463192,0.017257035614833535,0.10537441441434692,0.01574379968913437
172,1456704057804041,0.08343153880498141,0.0198664403985849,0.11087548085995433,0.020460097499962686
173,1456704057819103,0.09757022888709752,0.022413476407344996,0.11185163423181745,0.04229544933589631
174,1456704057841086,0.13193275808100796,0.023780790676358264,0.10727408732147364,0.08119247060678524
175,1456704057864087,0.18290357542529492,0.02315069145109029,0.09747645737643297,0.13199599570355128
176,1456704057885117,0.2409233575187647,0.020548718105375806,0.08455323387603918,0.18538446909575465
177,1456704057901301,0.29289916125751253,0.01707677419611219,0.07208362760389045,0.23059244622483313
178,1456704057924298,0.3265230329878997,0.014644189893851342,0.06427223790220327,0.2590734739201704
179,1456704057944843,0.3348528440454022,0.015261706767539943,0.06480207318911282,0.2675420236305195
180,1456704057961555,0.3189142914550061,0.020190981942284938,0.07565835603564859,0.25885659769302877
181,1456704057984558,0.2868491872144555,0.029324059507890923,0.09613252303986639,0.240155355509886
182,1456704058004784,0.24994667512671445,0.04108371131007261,0.12234355046958445,0.21913208466967668
183,1456704058021115,0.217635016055095,0.05291904597446544,0.14775615575244758,0.20048249647047506
184,1456704058043805,0.19404629055818676,0.06219883040126703,0.16495262270847347,0.18448977342788478
185,1456704058064807,0.17769443164376983,0.06711923241999342,0.16822085175822568,0.1683135979729665
186,1456704058080808,0.16386151187982692,0.06725272367607077,0.15580409868448378,0.14878921418645996
187,1456704058118023,0.14787358373242368,0.06353538185107895,0.1305891269612301,0.12480187323288604
188,1456704058125292,0.12742692818945553,0.057724243296183676,0.09881720597823326,0.09798368205995907
189,1456704058140752,0.10315103334520768,0.05159888908810993,0.06755307364310857,0.07176708267415034
190,1456704058163754,0.07772112027426394,0.04632283859598101,0.0422746509262518,0.04971166958606648
191,1456704058185037,0.05441407801187963,0.04226079522191155,0.025640005852582404,0.034130225705078336
192,1456704058200756,0.03593139406159482,0.03921075312417645,0.017614073680663565,0.02558017176158783
193,1456704058224364,0.023846175153917626,0.03675663819946371,0.016412227788593386,0.023171577660364057
194,1456704058244857,0.018561789875566836,0.03449361195172382,0.019557966785690783,0.02525221944922565
195,1456704058260853,0.019479849721258425,0.03210117528118832,0.02464122748258101,0.03001918759980159
196,1456704058283853,0.025173023115870587,0.029369402235546693,0.02972558279810821,0.03584670060510381
197,1456704058306878,0.033556131830455437,0.026237733885743592,0.03352613887444025,0.04136994803670536
198,1456704058321154,0.04216833414059038,0.022814488958800467,0.035451495176825915,0.045477421620343565
199,1456704058343663,0.048652673010211034,0.01933242311270993,0.035515845334987944,0.04733891533394552
200,1456704058366664,0.05137556063401132,0.01605324163156788,0.034119963338574,0.046513749302068606
201,1456704058388664,0.04995884089564763,0.01318228526272755,0.03177726030224318,0.04310363883706561
202,1456704058403665,0.04542834236457628,0.010841676304910461,0.028916161479614264,0.03784932670332096
203,1456704058426961,0.0398119118012838,0.009095493330846645,0.025848153460662923,0.03204992965974892
204,1456704058440281,0.03530644829498347,0.007983342272891015,0.022876764337350385,0.02724841820868692
205,1456704058464282,0.03338925997564972,0.007527286168621115,0.020416661498250485,0.024748482232179035
206,1456704058486402,0.03428791576776757,0.007708291565859011,0.018978378375057225,0.02513531284642155
207,1456704058500404,0.0370170728780676,0.00843155858104307,0.01897887806127235,0.028007690455613504
208,1456704058524075,0.039888784642248466,0.009507857013174026,0.020484136856243968,0.03205932172167722
209,1456704058546378,0.04120980624226959,0.010673495205612516,0.023061586994404536,0.03550087638630085
210,1456704058560402,0.039885832741838295,0.01165433070759421,0.02586770137071547,0.03667739046056322
211,1456704058583380,0.03577263060617485,0.012252390469163155,0.02795721242808759,0.034668493417828
212,1456704058606397,0.029723511450623966,0.012413801568019724,0.028663094917323818,0.02966371211152216
213,1456704058620673,0.02335970073539042,0.012242693087791566,0.027849334040927636,0.022979251455227605
214,1456704058643485,0.01865944077313169,0.011954580156883091,0.025914037880431996,0.016710934938470746
215,1456704058666486,0.017492915718757936,0.011789868603591056,0.023566083503940648,0.01313804599101682
216,1456704058680494,0.02119296221711771,0.011918309059876807,0.02151685915162681,0.014052086468840147
217,1456704058703487,0.030196614029839846,0.012366957707986547,0.02025042215905737,0.020195508314486955
218,1456704058727345,0.04378725846742787,0.013003684734477381,0.019965078988833835,0.030979567434499467
219,1456704058740576,0.060007228177141964,0.013593157186556872,0.020678788455251947,0.04458388851498717
220,1456704058763578,0.07584598702832014,0.01390753584081916,0.022413318309404365,0.05841082309283663
221,1456704058786579,0.08779304028079574,0.013842061489297607,0.02533290108253289,0.06973653154757511
222,1456704058807585,0.09273329847174504,0.013480795253258604,0.029726191342215685,0.07635028129256893
223,1456704058824119,0.08895502944236768,0.013079008751801804,0.03580445829343195,0.07701224263226424
224,1456704058846613,0.07686350875768394,0.012961152058455267,0.043412403204956616,0.0716381389828149
225,1456704058867613,0.05904696358049382,0.013369215193827225,0.05182819205648286,0.06121853259032918
226,1456704058883650,0.03965992311581343,0.014326981570258834,0.05980986987520732,0.04759336736799233
227,1456704058906651,0.023425938640577508,0.015590229397514857,0.06593096223506685,0.03323776109709646
228,1456704058928122,0.014636815791466555,0.016717689016525043,0.06908537263114287,0.02108571175462853
229,1456704058943677,0.016337649142433675,0.017240021109681463,0.06892033369141681,0.014231130472999816
230,1456704058966643,0.02967559534023446,0.016861719293958907,0.06597953048042317,0.01533084623837672
231,1456704058987889,0.05337032139666712,0.015623643809895366,0.06151585023263067,0.025753436268745888
232,1456704059003840,0.08346215913554246,0.013966890766497653,0.05712657077001405,0.044787275963757596
233,1456704059027388,0.11371559669203651,0.012652622385482372,0.054405501353155306,0.0693329407026253
234,1456704059047982,0.13698645002689253,0.012520785463036734,0.05468003764057588,0.09438842735993816
235,1456704059063983,0.14737818794508467,0.014137265515925925,0.05876773701444631,0.11432937716789503
236,1456704059094246,0.14241612257612246,0.017464069412699016,0.06670091829352293,0.12460924194220405
237,1456704059107983,0.12424296154337468,0.02172859353338904,0.07750007202184689,0.12325648756365577
238,1456704059124309,0.09918472676240059,0.02561587081851091,0.08917728780241371,0.11159467579401577
239,1456704059145960,0.0757281935388117,0.027761633523298405,0.09912696163266721,0.09392256394242189
240,1456704059168082,0.06161980160933625,0.027349358238173294,0.10491417570975241,0.07626109368831008
241,1456704059184192,0.061189135285576526,0.02452792827835382,0.10523222630621026,0.0645472883317838
242,1456704059206194,0.07397950469379314,0.020444589981110463,0.10056847361929928,0.06282308767315013
243,1456704059228448,0.09526877317924924,0.016876065844223475,0.09310980439628083,0.07203650827347056
244,1456704059244035,0.11822606522475516,0.015609975961370256,0.085794216195036,0.08994532999583062
245,1456704059266038,0.13669122623050128,0.01780721868194806,0.08099731099274848,0.11219654559914344
246,1456704059289304,0.14733043996739992,0.02357045910039937,0.0796628516063879,0.1340917664637112
247,1456704059304306,0.15032848138091154,0.031872580360232265,0.08140709511959031,0.1522063138093204
248,1456704059326060,0.14852464445070312,0.04087352914806656,0.08540619653350165,0.16514461050985374
249,1456704059348370,0.14556054553367753,0.04850884416080541,0.09127097672044733,0.17318223933305102
250,1456704059363371,0.14396649296301411,0.053129271921610134,0.09912075465633345,0.17711702059463427
251,1456704059386424,0.14412656241723437,0.053967672996202455,0.10873575910412452,0.17710876422628902
252,1456704059408370,0.14463788725722138,0.05131162220534759,0.11852185658932979,0.1723520419453563
253,1456704059424304,0.14371741039647956,0.04638216005339085,0.12534654463167258,0.16185953690306848
254,1456704059445357,0.14051651535701024,0.04097054362159728,0.12571965265289156,0.1457022046367832
255,1456704059468357,0.13528952599778074,0.036895259952977766,0.11770732655757944,0.12560069940190463
256,1456704059483358,0.12845155081118803,0.03539857946672213,0.10231655235218048,0.10433620902449811
257,1456704059505359,0.1196463218512643,0.03669066369369024,0.08342347098385335,0.08449990601083172
258,1456704059530156,0.1078951542201163,0.03986428451285858,0.06629325881030355,0.06756251738495181
259,1456704059543163,0.09277462889771568,0.04327578862082569,0.055547995342212976,0.05378699285885969
260,1456704059565165,0.07554954356156011,0.04525089334905308,0.053590692624870415,0.04276720026999091
261,1456704059588335,0.059236301755818024,0.044767357762775684,0.06006229742894267,0.03406801936582858
262,1456704059603365,0.04749128099042992,0.04176519163033752,0.07229098452221695,0.027620460263677767
263,1456704059625693,0.04305394218211377,0.03697626312141385,0.08629389311288661,0.023780158678514365
264,1456704059649737,0.04660429778165488,0.03146520829571855,0.0978802939923263,0.023060641044075056
265,1456704059663702,0.05647560859885352,0.02619406963827295,0.10362546098485713,0.0256339228132594
266,1456704059686006,0.06918619427509484,0.021807857662864836,0.10164428254014526,0.030848766127250578
267,1456704059709704,0.08050922101587406,0.018631481283900755,0.0920717749679165,0.03709809499716132
268,1456704059723995,0.08675303954581581,0.016742814964335946,0.0770763536613035,0.0422164961868496
269,1456704059745504,0.08590078369130774,0.01600868570855342,0.06027305902180649,0.04427541551473872
270,1456704059768505,0.07820870307850498,0.016083199901978717,0.04562227537225467,0.042375120848078915
271,1456704059789797,0.06596233645176161,0.016450150954996974,0.03617608618506281,0.03699490945514464
272,1456704059805507,0.05246823973033469,0.016564451292630906,0.033167060438460495,0.029715213330348298
273,1456704059828801,0.04080223142367399,0.01604860668440028,0.03579838056387253,0.02251056234164195
274,1456704059850099,0.032945418686329185,0.014836708534353357,0.04175853386119552,0.01703790467832341
275,1456704059866100,0.029603032998558144,0.013187369441722392,0.04816426995088896,0.014255796629641831
276,1456704059890101,0.030522636771022155,0.01156547979143198,0.052516590889449155,0.01442463445954122
277,1456704059912101,0.034891387371133294,0.010450860276524063,0.05335363006249132,0.01729244405322675
278,1456704059926114,0.041521042297337406,0.010149370731896055,0.05047782401187754,0.02222568496637302
279,1456704059949124,0.048849580388890576,0.010673860958430237,0.04479153743805479,0.028207755613503853
280,1456704059969126,0.05500632047313437,0.011737874275440638,0.03785638907012583,0.03384615047857681
281,1456704059985126,0.05813581881432097,0.012865677255583543,0.0313288681033669,0.03758993263479313
282,1456704060009138,0.05693425195917078,0.013576293715926122,0.026440149104912363,0.038188819958879724
283,1456704060029648,0.05113642634809121,0.013564839152566666,0.02367098569939086,0.03517732488420988
284,1456704060045158,0.04166541427497835,0.012801196337118851,0.022712685256485687,0.0290804190458579
285,1456704060069258,0.030339254226158345,0.011502844972684943,0.02270860584165996,0.021203324798277016
286,1456704060090260,0.019293369903937936,0.010003029210283095,0.022664589702770167,0.013143990001202428
287,1456704060106291,0.010427083504929076,0.008592574338665952,0.021851842695065987,0.0063195240015374654
288,1456704060129118,0.005110262922525473,0.007426169016554972,0.02004521377258973,0.001730919567563052
289,1456704060149575,0.004172308896568919,0.006543399449508661,0.017532638039857943,0.0
290,1456704060165574,0.008019454595279531,0.005988421443708583,0.014936473664549426,0.0015503571603017042
291,1456704060188575,0.016697964793646953,0.005955892603984869,0.012948326168653696,0.006750577643550065
292,1456704060211576,0.02982170094187237,0.006866890145170095,0.012081819904731105,0.015890999674346904
293,1456704060225906,0.04641651155775584,0.009296671648037338,0.012513155523126119,0.02897239047979294
294,1456704060248379,0.06480405340831187,0.013736972967405277,0.014037339422935901,0.04537975800980272
295,1456704060272382,0.08263054475519417,0.020263561886351908,0.01613772838823858,0.06357035846772112
296,1456704060285380,0.0971070067242999,0.028260343376882383,0.018146483581045442,0.08095292909751424
297,1456704060308381,0.10551516874625615,0.0363806559837207,0.01945348287724984,0.0941807057119907
298,1456704060331687,0.10598289845187037,0.042864400007255436,0.01970513683217479,0.10002122756393739
299,1456704060345980,0.09836184179547458,0.04616300236971866,0.0189405512883125,0.09668510255509234
300,1456704060369211,0.08482175600559706,0.04561359334676964,0.01764203362136632,0.08508117652540789
301,1456704060392252,0.06972677191196196,0.0417972918091371,0.01669825354091435,0.0692456012434188
302,1456704060406249,0.058609342802462217,0.036344568332041007,0.017267043145492947,0.055450173659342
303,1456704060428755,0.05648571109708976,0.031267916874973385,0.020514568048429493,0.050150948882844444
304,1456704060451941,0.06609570931583075,0.028180993487084745,0.02725532070321809,0.057584142325711955
305,1456704060466205,0.08673529078211874,0.02779658122328494,0.0376097999645485,0.07805658821015737
306,1456704060489206,0.11418866705845251,0.029886378392513582,0.05084633819052477,0.10769430161208203
307,1456704060512207,0.14190812926308957,0.033612801056413025,0.0655207267138208,0.13977054598959993
308,1456704060526303,0.16310466191827905,0.03798221564977264,0.07989616024972751,0.16705323673278646
309,1456704060548927,0.17300957209239604,0.04217998345014383,0.09248679139392325,0.18422240414580238
310,1456704060571895,0.17049463725830888,0.04568153626587832,0.10249511838729278,0.1894781214421537
311,1456704060586159,0.1584975243190579,0.048188620183252324,0.10995000401147435,0.18485681575726473
312,1456704060609162,0.14307310823484742,0.04952470203340729,0.1154776116880314,0.17521444562229269
313,1456704060632222,0.13127212018214918,0.04960639487076095,0.11979818594122799,0.16619512115782456
314,1456704060645846,0.12848748748839112,0.048521601356019,0.12319010365697687,0.16185966646087427
315,1456704060668870,0.13630893071822467,0.0466540359910897,0.1252153259715187,0.1629506231462421
316,1456704060692115,0.1519217505603667,0.04474858117414409,0.12486929579157621,0.16667745239823387
317,1456704060712849,0.1694054019297144,0.04382601750230339,0.12107403068889123,0.1681889017260566
318,1456704060729145,0.18224084061040088,0.04491363051844037,0.11326893402863851,0.1629393593997527
319,1456704060760031,0.18571654138100674,0.04863609753634382,0.10183733176266827,0.14870361627338344
320,1456704060773032,0.17822089398522506,0.05479687175489878,0.08817154311405294,0.12636272292709927
321,1456704060789253,0.16125502070564854,0.0621650851729467,0.0743129925770624,0.09935877003437067
322,1456704060812253,0.13860924277059805,0.06869464057183208,0.06230910830559983,0.07230799730917757
323,1456704060833015,0.11517106970323196,0.07222230742392863,0.05358750141019228,0.04944238656821217
324,1456704060848969,0.09559246283462756,0.07135600601436796,0.04861929616784931,0.03342903212365329
325,1456704060871970,0.08299563470830947,0.06604991331917809,0.04694796063049233,0.024873995365051395
326,1456704060893272,0.07807305890766755,0.05751757967136454,0.04746866374154954,0.022557512822254523
327,1456704060908972,0.07899482735518044,0.047572219182838424,0.048792162403052446,0.024201420708739603
328,1456704060931999,0.08225386594994975,0.03784801471777466,0.04959177944458086,0.027393397309100502
329,1456704060953008,0.08413081468744252,0.029361601480629166,0.04889621011620108,0.03029843921210843
330,1456704060969007,0.08216834193923893,0.022553196156533145,0.04628966618303958,0.03199143807728445
331,1456704060991017,0.0760482358073748,0.017595921812432958,0.04195346649194345,0.03246809512992271
332,1456704061013009,0.06752324288097011,0.014647898220471259,0.03651475212504001,0.032455585546566655
333,1456704061035021,0.059479637178397174,0.013867218239792702,0.03077146821811715,0.03308574686627136
334,1456704061051042,0.05461568930543316,0.015236220599458046,0.02543674640063315,0.0354673078673531
335,1456704061073050,0.05436125127550336,0.01837092451672326,0.021003861263702586,0.040244193133441464
336,1456704061089043,0.05845086698716422,0.022474151526021866,0.01772757735308383,0.047276917802649525
337,1456704061111044,0.06519148006754223,0.026483581738569722,0.015662040696399957,0.055573285850744045
338,1456704061133198,0.07218284384178646,0.029353393133257324,0.014716702439279814,0.06352123036861872
339,1456704061148266,0.07714500478338548,0.03034757628002564,0.01472958701342559,0.06936264288530433
340,1456704061170267,0.0785557175235178,0.029230000851517862,0.01555797587591587,0.07174105054629525
341,1456704061195268,0.07594783425302346,0.026292631937926768,0.017152747260094386,0.07012647161580426
342,1456704061208270,0.06987997924691114,0.022231730435640504,0.019556063512725184,0.06498648970412453
343,1456704061230652,0.06167731152514719,0.017928433112704107,0.022785012638854296,0.05766838291258989
344,1456704061254160,0.0530296526794064,0.014207470469076819,0.02664205417753355,0.05002355374802335
345,1456704061268161,0.04552584747179481,0.011647763790639653,0.03057763744702948,0.04387021642807347
346,1456704061291313,0.040257512726250055,0.010500804739407177,0.033740479930318555,0.04047853723663124
347,1456704061314164,0.03765714686502344,0.01072914818939626,0.03524864424406553,0.04028958725137421
348,1456704061328958,0.03763180867501705,0.012126064840846067,0.03456453209440294,0.04296013582848232
349,1456704061350697,0.03986564578734672,0.014451987361853671,0.03177866145256409,0.0476378767757514
350,1456704061374697,0.04406637022319304,0.01753176299714347,0.027654761430685397,0.05328157738502348
351,1456704061388725,0.0500057296273349,0.021280630089895922,0.023410636804298668,0.05889744544290266
352,1456704061410700,0.05737208067404483,0.0256529734244151,0.02032336910188628,0.0636759451446423
353,1456704061441808,0.06558469569303324,0.030536646133850123,0.01931229538980448,0.06708317086600453
354,1456704061450781,0.07374520552148367,0.03564564524921794,0.020661837500768315,0.06895774726666369
355,1456704061470782,0.08082772601626177,0.040481713131468214,0.023995674864963276,0.06961236609394074
356,1456704061494783,0.0860800110548585,0.044421753656306795,0.02850855586996209,0.0698856642435311
357,1456704061508784,0.08947413201666705,0.046935509045740446,0.033338097932886085,0.07107673578490682
358,1456704061531077,0.09196003689576565,0.047863544949464536,0.03788222045859212,0.07472556192265273
359,1456704061555372,0.09529709731740468,0.04762427395922314,0.04189838481046178,0.0822452439180742
360,1456704061568374,0.10140072602897475,0.0472081134292717,0.04536674183237198,0.09444612911890456
361,1456704061590374,0.11139899686277079,0.047883742904988154,0.048282328488049954,0.11104700927283734
362,1456704061614376,0.12481912529879607,0.05068457267752463,0.050615778055907605,0.13037096947882876
363,1456704061635174,0.13936743407366387,0.05590130386349782,0.05254986855039813,0.14949546445868825
364,1456704061650993,0.1515504024932119,0.06285417691394173,0.054832229051794024,0.16500675528605319
365,1456704061674995,0.15797883498220927,0.0700757294342405,0.05889020016995537,0.17416881151588873
366,1456704061695182,0.15681668896584444,0.07579587242911384,0.06641003289600662,0.17598799817528307
367,1456704061711228,0.14869094082441098,0.07848390592850414,0.07840226131120405,0.17161125783279846
368,1456704061734984,0.13654903391478695,0.07724771402540492,0.09418375627297551,0.16377702396781452
369,1456704061754730,0.12440977408868825,0.07202345842200554,0.11093406948982307,0.1554925752832561
370,1456704061771019,0.1155645187825826,0.06358459353230433,0.12431639285625379,0.1485585347528204
371,1456704061794993,0.11121674523162692,0.053418166586149354,0.13008122052644572,0.1427757139342442
372,1456704061814946,0.11039286332547808,0.04349236924975741,0.12590474758048753,0.13638888310859656
373,1456704061830958,0.11113899104517758,0.03591379135264818,0.11248696999569265,0.12754571816097585
374,1456704061854968,0.112077200309737,0.0324707677670291,0.09338254819493856,0.11579021939734033
375,1456704061875254,0.11314843568049927,0.03410743526574133,0.073754004694031,0.10254535685744573
376,1456704061890970,0.1150911940275171,0.04047923917068827,0.05865599188596769,0.0902868220310646
377,1456704061913972,0.11825357582382201,0.04983449793500819,0.05147714527186353,0.08103937876380259
378,1456704061936268,0.12180041879789882,0.05942376507670779,0.05300555308565314,0.07521329714679502
379,1456704061950277,0.12395995894640853,0.06639895849797686,0.06136776614002852,0.07147544585496265
380,1456704061973277,0.12309690093226364,0.06883728519767289,0.07281386816488418,0.06766272673946155
381,1456704061995320,0.11878078513927061,0.06636745786950693,0.08303469585956805,0.06213606261822986
382,1456704062010279,0.11206758734141022,0.06007658560915134,0.0885323020420065,0.054749400765673174
383,1456704062033806,0.10484096412269357,0.051819446702612036,0.0875974413105442,0.046870577017799564
384,1456704062055348,0.09872779385566366,0.043381510067848336,0.08063152317154258,0.0404802209005037
385,1456704062070314,0.09429319503455436,0.03592404824878376,0.06978693719270719,0.03693057682925596
386,1456704062093350,0.09091473361593574,0.029861970530030202,0.05811350878380669,0.036124712100997866
387,1456704062116316,0.08729400152876454,0.02506311206606523,0.04853300054871237,0.03658266845077621
388,1456704062130841,0.08224675442269223,0.021166822417670796,0.04297529367185772,0.03629457454660145
389,1456704062153369,0.07529985630162674,0.017862018222742488,0.04190749262747989,0.033789002416351716
390,1456704062176334,0.06678842307827942,0.015038505981112636,0.044338391893013744,0.02878606024714829
391,1456704062190335,0.057520226542324165,0.012788024195061433,0.04825110294524035,0.022167861325931487
392,1456704062213338,0.04833994786200936,0.011291043943266528,0.0513172648405333,0.015445422787910501
393,1456704062237096,0.039874130139332276,0.010670590718043516,0.05167093955496805,0.010095409714453014
394,1456704062250351,0.03251074670005365,0.010894916869822932,0.04849721315710576,0.0070606158754340075
395,1456704062279353,0.02649981380962431,0.011766351940061147,0.04225209588110964,0.006533666777284707
396,1456704062296354,0.022030131092204114,0.012978878435136336,0.03446171699790956,0.008006572763442632
397,1456704062311354,0.01920727701840825,0.014199789771253015,0.027193652393385472,0.010503172444240566
398,1456704062333900,0.017960644634373107,0.015143270038901544,0.022390272742389423,0.012901923663140743
399,1456704062357119,0.017966845137351264,0.01562931133927938,0.021270998186358733,0.014267696637507436
400,1456704062371085,0.018666515719415352,0.015622857333054223,0.023962356521765694,0.014119443250812751
401,1456704062393883,0.01940513241882853,0.015229805369383363,0.029445571157277767,0.012571661470521885
402,1456704062423157,0.019680188944509316,0.014631135121813426,0.03584601748197105,0.01031373354938474
403,1456704062431162,0.019425651045133732,0.013979491606928615,0.04101004761629002,0.008428272430140278
404,1456704062453175,0.01920449662076134,0.01332303154312104,0.043207770248923714,0.008086696256027629
405,1456704062476175,0.02015493710010087,0.01261266867527287,0.04171569681909344,0.010194694665038565
406,1456704062491177,0.02361855201214164,0.011794508122815262,0.03705396107808833,0.015087585438153165
407,1456704062514178,0.03056244932386749,0.01093235932189314,0.03079056543987913,0.022377913400859352
408,1456704062537158,0.04106293312859342,0.010282000580094623,0.02499790715746098,0.03102118970426147
409,1456704062559164,0.05411833502026559,0.010257495825723145,0.021566932501732805,0.03960137461263378
410,1456704062573083,0.06791064664768516,0.011279518423040256,0.021618892167839472,0.04677031346423132
411,1456704062596088,0.08043872458714185,0.013557322206463837,0.025206558707221747,0.051721140735290494
412,1456704062618161,0.09028236246677206,0.016904631226440855,0.03138300602675469,0.0545435030468045
413,1456704062634069,0.0971786875263477,0.02069670133540208,0.03858252643480329,0.05631444526363854
414,1456704062656794,0.1021448874241387,0.024023334572609963,0.04516843638378313,0.058840887053358
415,1456704062678072,0.10705229181176304,0.02599613621693322,0.049977402549824,0.06407864106240387
416,1456704062693951,0.11376046651349236,0.026079379334841384,0.05269338708639555,0.07336895738918603
417,1456704062716798,0.12309832629280357,0.024287808535656763,0.053904544821443044,0.0867286899832686
418,1456704062737842,0.13412474774649433,0.021154202314971192,0.0547910876593976,0.10249220291182881
419,1456704062753313,0.14411659089188772,0.017491516680332383,0.056583373635995214,0.1175718435725563
420,1456704062776315,0.14947474894831256,0.014092486780801498,0.06009448177469716,0.12840624831576314
421,1456704062797315,0.14729640162976657,0.011542725462500816,0.06559978265842496,0.13236158437380094
422,1456704062813316,0.13702154376394293,0.010238829214820045,0.07309721024445025,0.12910273674644987
423,1456704062836580,0.12146493808764618,0.010552803403984394,0.08271286396890189,0.12134394479122512
424,1456704062858126,0.10665130021849446,0.01297158754771168,0.09489929903826652,0.11444994097857902
425,1456704062874088,0.10020343401873577,0.018047358340899367,0.11016481673166673,0.11468951317917993
426,1456704062896088,0.10862741710044854,0.02612086638643422,0.12833807999961833,0.12658116984072648
427,1456704062917089,0.13450275554079566,0.03694500925865016,0.14773353344896056,0.15045676094341182
428,1456704062934134,0.17490982827646506,0.049435619917265555,0.1648522126504024,0.18160921853420053
429,1456704062962381,0.2220509796662409,0.06174675684749894,0.17514323819507047,0.21179178115100453
430,1456704062977303,0.2659245856289166,0.07171657289068295,0.17474340067473715,0.23251198939428308
431,1456704062993303,0.29766772525926377,0.07753056926166853,0.16234445145318704,0.23834365161548995
432,1456704063016304,0.31180854763396854,0.07830334733294725,0.14005501072852986,0.2284338429452907
433,1456704063038031,0.3066589319903043,0.07429640862023391,0.11267360424114474,0.2057211070916891
434,1456704063053540,0.28354357217693704,0.06671110772854014,0.08580075681068038,0.174964735700306
435,1456704063076539,0.24601322433849052,0.05726094065127912,0.06389763438885732,0.14108959550100875
436,1456704063099541,0.19936230093359256,0.04776844484328674,0.04925346071303982,0.1084351280044871
437,1456704063113543,0.1499385764230009,0.039840168994178464,0.04206342030993655,0.08047080755627029
438,1456704063136968,0.10392933176033196,0.03454467370247279,0.04111197410158658,0.0594322312628319
439,1456704063159967,0.06604876564802692,0.03212412472782221,0.04443066663470808,0.0459086120197996
440,1456704063174004,0.03878458551760865,0.03192222147259438,0.04969810510981031,0.03880035369624959
441,1456704063196755,0.022426149880261675,0.03266413201927853,0.05455804098023796,0.0358919705118201
442,1456704063219756,0.015616539614128707,0.03299968657903596,0.05704932619809118,0.03484215516101598
443,1456704063234131,0.01605500366293327,0.03203867094904775,0.056065393752171705,0.03408924426892407
444,1456704063256716,0.021113070524898494,0.029618348551962288,0.05158184686401154,0.03321183113385103
445,1456704063279718,0.028283884504286465,0.02621568962764195,0.044515816646225066,0.03263325533805094
446,1456704063293969,0.03547094925564612,0.022610605861815104,0.03633744794215878,0.03295909944165534
447,1456704063316721,0.041149847574186924,0.01950311667755576,0.028651033317386797,0.03440005562806895
448,1456704063339513,0.044430305283242336,0.017258465836952695,0.022851225052728165,0.036582481120357245
449,1456704063353521,0.045028365192513325,0.015850999564755948,0.01984165480567725,0.038746479359812916
450,1456704063382527,0.043153317712965024,0.014975450400195984,0.019825755451634095,0.04010837569786584
451,1456704063399523,0.03933579815413756,0.014240036835223418,0.02225623385506845,0.04014664607233027
452,1456704063413524,0.03425111878505049,0.013350379704350102,0.026011535022688805,0.03870059329855592
453,1456704063437010,0.028586735845942554,0.012216444676029883,0.0297547328639398,0.035905072352231705
454,1456704063459978,0.02296565622738136,0.010955133533617756,0.03233648656573765,0.03204789870488661
455,1456704063473980,0.017907344565857408,0.009809527790101155,0.033099388292565,0.027443962952405716
456,1456704063496981,0.013803564717089134,0.00904001365072846,0.03200191137655627,0.022392845447822933
457,1456704063519982,0.010897638424240463,0.008844062169452105,0.029550010882628496,0.017229200455897292
458,1456704063535008,0.00927139605441915,0.009335017515899368,0.02657461468183001,0.01240876371383863
459,1456704063556518,0.008857120637290692,0.010574972080343114,0.023926474489412784,0.008540644157134859
460,1456704063579520,0.00948822994280332,0.012629053156685392,0.022184993163909813,0.006308040863502577
461,1456704063600521,0.01098001395454872,0.015597111149939197,0.021489586627827392,0.006296404368014114
462,1456704063616522,0.013211154751656871,0.01958730152205793,0.02157880872947195,0.008813230169606496
463,1456704063639822,0.01617517740597764,0.024623540229174637,0.02204576986015828,0.013793805632611079
464,1456704063661832,0.019981876827579854,0.030519633000540582,0.02270995933820798,0.020845710114654126
465,1456704063676833,0.024805290705863216,0.03679358592154881,0.023929393722487282,0.02942345050307529
466,1456704063700239,0.030805856882594764,0.042711745765233615,0.02668303900193279,0.03907860540071486
467,1456704063721138,0.038088202723052654,0.04751500719999705,0.03233355353449736,0.04971474725540677
468,1456704063736862,0.04673757825316962,0.050778188365373074,0.04209845450973083,0.06175481555444188
469,1456704063760100,0.05687945126827038,0.0527272768276058,0.056391265641801844,0.07607162660987088
470,1456704063781003,0.06861405848903529,0.05428133480611597,0.07431225575558274,0.09353302419500603
471,1456704063796872,0.08172898821237681,0.0566908232408172,0.09358971572893275,0.11421686274066474
472,1456704063818873,0.09530124895673114,0.060897146754373875,0.11111625283773648,0.1366892765743317
473,1456704063847985,0.10751134651397135,0.0669649045703167,0.12394375665838811,0.1579062158251523
474,1456704063857263,0.11602835898989923,0.07393500978594622,0.13038355097218526,0.17408421302715585
475,1456704063878986,0.11908241676562235,0.0801916217171778,0.1308268205269456,0.18237732585274408
476,1456704063901229,0.11683595322316306,0.08412328256603348,0.12799312722329115,0.182633903660799
477,1456704063916988,0.11218371305318095,0.08471588267061911,0.12640768682288603,0.17818291069676048
478,1456704063938785,0.11015104713438974,0.08181817581733,0.13099992339699298,0.1748345542152646
479,1456704063960576,0.11582942233399895,0.07605998292628421,0.1449787477601717,0.17817836005262153
480,1456704063976579,0.13182831460679326,0.06858446354623192,0.1676924148662532,0.19042810285139458
481,1456704063998580,0.15671026145521388,0.060763229539295825,0.19370773946790687,0.20868521252255307
482,1456704064021591,0.18533919063090187,0.053947899788507364,0.21415531984740008,0.22588690954033505
483,1456704064036880,0.2108572712774854,0.049216445127682605,0.22018422476555785,0.23404305658274965
484,1456704064058390,0.22706230737337718,0.04709146873331846,0.20688366515039924,0.22784723668170706
485,1456704064081392,0.23001897059648874,0.04731528286126353,0.17552764851446084,0.206633465376146
486,1456704064096393,0.2185994230914273,0.048847204156009946,0.1329933005571296,0.17396465585297344
487,1456704064118394,0.19437593118178206,0.050193363259041786,0.0888924091341861,0.13565733837838262
488,1456704064141256,0.16123716323688558,0.04998836182489926,0.05206694946728349,0.09760961228778436
489,1456704064156246,0.12462891383773601,0.04755304390206949,0.028043956631138706,0.06434143557131386
490,1456704064179248,0.09025725867291996,0.04312294645198239,0.01817216672945043,0.03843331078521042
491,1456704064201249,0.0625881660296434,0.0376300403427357,0.020219460366563077,0.02065455621283138
492,1456704064216250,0.043843062770212896,0.03219483126136342,0.02973701788654356,0.010483620791548234
493,1456704064239184,0.033926638730752884,0.027636323684816826,0.0415575343707062,0.006713929325895352
494,1456704064261840,0.031130006246430884,0.02423487150617126,0.051091126931797765,0.007889298604218737
495,1456704064276841,0.03308306625451056,0.02178758012803942,0.05529001323659688,0.01247269030428728
496,1456704064298843,0.0374773500193417,0.019849368465086982,0.05318156363995846,0.01884236797173527
497,1456704064321843,0.04238659334888619,0.018014487659125816,0.04584567928695401,0.025306486405529453
498,1456704064336659,0.046317079353568234,0.016113259467699467,0.035797772493323145,0.030282137130416845
499,1456704064366677,0.048227684909631426,0.014246194591893978,0.02596162087343713,0.03263614689956333
500,1456704064381679,0.047640017284449145,0.012660342711070693,0.018626338302791572,0.03202876873423688
501,1456704064396679,0.04475488876321367,0.01155986798840782,0.014792259508050562,0.029042143679957784
502,1456704064418680,0.04039405987230132,0.01096950620432026,0.01410434057685091,0.024957477119062193
503,1456704064441863,0.03567634036797547,0.010718269287028468,0.015298938168519394,0.0212241170287175
504,1456704064462829,0.031533831070879405,0.01053044078648546,0.016897446543285802,0.018842727569927678
505,1456704064479088,0.028317183619481854,0.01015924229245954,0.017828253591647858,0.01796332533949632
506,1456704064503102,0.025718512739472447,0.009496360603410817,0.017745181601988055,0.01791579354347154
507,1456704064523103,0.023072834001502306,0.008621068211568043,0.016982093516950847,0.017671321705651225
508,1456704064538574,0.019894033637532726,0.007784874235337508,0.01624376421833845,0.016501123739048336
509,1456704064561204,0.01637418046295061,0.007343530864882774,0.016207715480575327,0.014494937873459164
510,1456704064583206,0.013583348069672476,0.00765311022797702,0.017199073384358332,0.012678595281412054
511,1456704064606085,0.013239530246060768,0.008953228367699961,0.019045671905790217,0.012667075892121776
512,1456704064621161,0.017107840220242355,0.01126926564302655,0.021153661439971088,0.01600069720902723
513,1456704064643204,0.026250131490926202,0.014367979903443169,0.022767115935269745,0.02345044547872517
514,1456704064658204,0.0404201218214945,0.017791746805876037,0.023302444747331896,0.03459211167133421
515,1456704064681179,0.0578628646823618,0.020976777190399688,0.02262165365322483,0.047831489641377026
516,1456704064703194,0.07564293902008895,0.023433249860689183,0.021151668060651718,0.060875544387627246
517,1456704064718201,0.09044155058425872,0.024936662587920707,0.019831513530621864,0.07148781551012172
518,1456704064734211,0.09959608550001811,0.02566168442366507,0.019907536292405905,0.0782938983158003
519,1456704064754981,0.1020517318751505,0.026193856692279263,0.022589432773486472,0.08138404817692378
520,1456704064777983,0.09887216711232427,0.02738369193724725,0.028599710167870666,0.08245820927832227
521,1456704064793130,0.0930370363906499,0.03005763581329781,0.03774815742153519,0.08432316272256939
522,1456704064815130,0.08846356697331578,0.034664175138570265,0.04876410585475411,0.08977652517898205
523,1456704064838202,0.08851424754761789,0.040995138687260124,0.05958419572410123,0.10027738118113805
524,1456704064852513,0.09458180486586965,0.04814027349215612,0.06809263947161301,0.11508169354113956
525,1456704064874219,0.10545378192766491,0.05475371428306471,0.07305927121245065,0.1314149151103438
526,1456704064897511,0.11784994891514496,0.05953930451659472,0.07485190014514069,0.14568921285418937
527,1456704064920549,0.1278796697420013,0.06171169130116029,0.0754931885188413,0.15507943663580734
528,1456704064935008,0.13261981893449637,0.0611964843535859,0.07784892488382171,0.15849820222260078
529,1456704064957798,0.13100248629655412,0.05850230593374878,0.08417386485283855,0.15643408324400823
530,1456704064972528,0.12373451811196268,0.054399013849416276,0.09470832534327514,0.14995342726415328
531,1456704064994524,0.11262137817264682,0.04962510011255394,0.10716269532018044,0.1397801217550211
532,1456704065017748,0.0999256546276799,0.044767451686570134,0.11752815613238937,0.12624395802326674
533,1456704065031963,0.08806131041780779,0.040282901899361456,0.1218789671597312,0.11005852671355902
534,1456704065056043,0.07936656939351792,0.036525393642570125,0.11820047434117824,0.0930608818896536
535,1456704065078187,0.07555303747614296,0.033691643478635395,0.10726853466779226,0.07803551807698521
536,1456704065093189,0.07688663639447592,0.03172142660990114,0.09221644983647066,0.0675659411104125
537,1456704065115144,0.08168654514278993,0.03026263080712925,0.07715814717687412,0.06268387591645726
538,1456704065137873,0.08672469263319614,0.028788346486069323,0.0656116596757989,0.06223399135179156
539,1456704065152352,0.0885386789479539,0.02684580120121633,0.05939881337557341,0.06338012789987071
540,1456704065175353,0.08500711977290358,0.024295825125066374,0.05835830051782607,0.0629797130640401
541,1456704065198742,0.07629432236645187,0.02138215803229278,0.06080073898900932,0.05905617731854323
542,1456704065212494,0.06463835587748516,0.018587515959567986,0.0643472203932598,0.051570991093105235
543,1456704065235160,0.053169150075536624,0.016382168619869724,0.06675667017896973,0.04214930646269658
544,1456704065258034,0.044488770871992024,0.015026941505716464,0.06651377352008936,0.03304290780926911
545,1456704065272706,0.03976992139510127,0.014533161335346035,0.06312944894757233,0.02600410140934316
546,1456704065294701,0.038694860586782266,0.014764740583351862,0.057166743691083634,0.021680040599439687
547,1456704065317963,0.040036525757221574,0.01557093457627781,0.049992118193206696,0.01973163598814836
548,1456704065332919,0.04241708753563465,0.016830910572414346,0.04329554020437274,0.019433243236494594
549,1456704065354909,0.04484447984362906,0.01838288472550556,0.03853952799679273,0.02028398166068061
550,1456704065377908,0.04687639676156883,0.01992221019897258,0.036554081482611814,0.022255900681438758
551,1456704065392915,0.04849361432085352,0.020986006646227743,0.03739984204032934,0.025608262722680145
552,1456704065414877,0.04985651400173662,0.02107693674676818,0.04046427692264821,0.030474186109765326
553,1456704065438152,0.051076554850563144,0.01987727274656715,0.04467993462274312,0.03651032385558775
554,1456704065452393,0.05206909490759454,0.017439110559787592,0.048781540668494966,0.04281643564979449
555,1456704065476387,0.05254276483967648,0.014243938627170957,0.05156782573723107,0.04818540912844943
556,1456704065497389,0.05216428797361133,0.011096759470013155,0.05214764278048639,0.05158335672063366
557,1456704065521389,0.05083870597799307,0.008908104148542697,0.05013731509583365,0.05262092910149189
558,1456704065534984,0.04893374874748977,0.008462222776284509,0.045766791108607395,0.0517609595859775
559,1456704065557996,0.047290294204547695,0.010251004500093036,0.039858849823581635,0.05016265760240776
560,1456704065580997,0.04699922020193774,0.01440056197882789,0.03366404796912776,0.04927019601718341
561,1456704065595203,0.049057543049463956,0.02067210593628108,0.028560763172268647,0.050350261438251
562,1456704065618172,0.054051480948927214,0.028501754959176312,0.02567056454412486,0.05414067302737042
563,1456704065640828,0.06196896882415969,0.03705625539624269,0.02549519345654426,0.060679368370909224
564,1456704065655169,0.07217978264287064,0.0453105551594933,0.027727456525780465,0.06931890744164354
565,1456704065678139,0.08357296356553652,0.052176382159521556,0.03137458731523435,0.07891204399039585
566,1456704065700799,0.09481134433810874,0.05670712335348907,0.03522185855114548,0.08815348918038503
567,1456704065715071,0.104644640628978,0.05836710020738199,0.038483315191363776,0.09604468247636612
568,1456704065737800,0.11221561702386744,0.057297688346872204,0.041337706204177725,0.1023845877382364
569,1456704065761126,0.11729742252351648,0.05446679659653291,0.045040510094541464,0.10808927836221927
570,1456704065775124,0.12039616031331665,0.0515789603597481,0.05146264683072562,0.11508390643689898
571,1456704065797055,0.12263267552664533,0.050675759448356,0.06216712578801975,0.12561529019457268
572,1456704065820063,0.12533516536328784,0.053486554679535996,0.07739853404197662,0.14113761362989988
573,1456704065834886,0.12940780682567143,0.060752892448255595,0.09550739558865327,0.1612645640117432
574,1456704065858121,0.13476286996197737,0.07182520174868373,0.113230367223441,0.18340180443780343
575,1456704065881115,0.1402221823005412,0.08473354420436505,0.12687623283936372,0.20343880306992287
576,1456704065895120,0.14409085764160176,0.09671964714907319,0.13400093928466397,0.21735008955101787
577,1456704065918159,0.14512463481624094,0.10501930349800884,0.13482965510279682,0.22297301375711223
578,1456704065941128,0.14324964705543347,0.10760939285234902,0.1326358735345443,0.22096891908519148
579,1456704065954142,0.1395288177537607,0.10370796739496767,0.13258410501939785,0.2143141887889355
580,1456704065977143,0.13541774013936383,0.09395789634358871,0.1392194309167081,0.20648672483824987
581,1456704066001158,0.13186675403759893,0.0803109676811039,0.15366514485015823,0.19935025576279158
582,1456704066015139,0.12893225887721171,0.0656321675090249,0.17213136991012862,0.1920796458299626
583,1456704066037931,0.12616293754976923,0.05304396798011905,0.18693831983920656,0.18194707416516676
584,1456704066061226,0.1233550969775014,0.04509754021355998,0.18987226378088462,0.16651407495782636
585,1456704066075227,0.12090752534048971,0.0429828531664423,0.1761635252935164,0.1456635002231526
586,1456704066098229,0.1194200505391404,0.04608768627041297,0.14689023788358305,0.12202825099844046
587,1456704066120562,0.11900216010328415,0.05216098162118043,0.10858863143962026,0.09966411767427809
588,1456704066135067,0.11903120363028129,0.05808643678751611,0.07049718319238925,0.08203476134034018
589,1456704066158152,0.11851650120365001,0.06096814155199432,0.04098641476269042,0.07056590796154681
590,1456704066180081,0.11657257359785064,0.05908170098200249,0.02479627043112484,0.06438199866046315
591,1456704066195152,0.11255825087931028,0.05233320337052826,0.022010826753889646,0.061096682827997184
592,1456704066218153,0.10596224121854508,0.042109351281533494,0.028823829756704288,0.05809363398418521
593,1456704066240634,0.0963778658776431,0.030653102881202175,0.03949124536450419,0.053633076170689055
594,1456704066254383,0.08371428660525103,0.020256661224560275,0.04857115807670551,0.04731572943585209
595,1456704066277390,0.0685004791953999,0.012583880023450778,0.05261434132984646,0.03983917057138353
596,1456704066308652,0.05203533598215733,0.008328267269190375,0.050815901819308125,0.03235337353259828
597,1456704066314385,0.03622470305940625,0.007245055608915015,0.04461559421631213,0.02584193545791968
598,1456704066337604,0.02313323736487475,0.008455108846181142,0.03663607070852108,0.02082059866980376
599,1456704066361110,0.01445098619660628,0.01085770296281983,0.029510766336515643,0.017407443634898895
600,1456704066375112,0.011104059804830226,0.013500855116439957,0.02504058997121737,0.015612128067213233
601,1456704066398123,0.013110005558652797,0.015808926862332876,0.023845239097503995,0.01558759350404796
602,1456704066421147,0.019629683778576594,0.017629887883285587,0.025433080864767185,0.01763720290713535
603,1456704066437163,0.02913003810367262,0.019119469612041112,0.028526660850655684,0.021957539283297252
604,1456704066458176,0.03962816732634711,0.020522327572538992,0.031514555226752936,0.028294625679538023
605,1456704066480922,0.04902566605314085,0.021944947170112035,0.0329393830307948,0.03575541909672867
606,1456704066495169,0.05550786596390907,0.023225359352928486,0.031924379625185566,0.04291809717497258
607,1456704066518173,0.05792466765481469,0.02396630423490532,0.028430772722074255,0.04821355336406092
608,1456704066540934,0.05605759280727669,0.02372163344608939,0.0232758553755876,0.05042235326318578
609,1456704066555143,0.05071154098895678,0.022253999923962393,0.01791501184298505,0.049102004868716055
610,1456704066578172,0.04360114609676884,0.019749300601032554,0.014054022150970685,0.04480355312547262
611,1456704066601136,0.03701639859647294,0.016886361536321188,0.01318718071166554,0.039001970712732106
612,1456704066614945,0.03328722682908489,0.014711124057579609,0.01615986784844532,0.03373441131115959
613,1456704066638038,0.03414639208746298,0.01433918482491935,0.022851083270600137,0.031024787494611742
614,1456704066660545,0.04017623353274808,0.01658342553119492,0.032075117925918176,0.032258414333887826
615,1456704066675258,0.0505454511896084,0.021640489733389646,0.041795396288078,0.037710143485633944
616,1456704066697260,0.06316622281012592,0.02895186483421747,0.04968009633562703,0.046398396982717485
617,1456704066721260,0.0752676429575146,0.03729635506595431,0.053883642521065554,0.05635735039155947
618,1456704066742865,0.0842437583677014,0.04510164257068816,0.05377188194295408,0.06530993310895863
619,1456704066757071,0.08852047399156973,0.05089970948467736,0.05025204281138625,0.07157347967294507
620,1456704066780067,0.08812219120927463,0.053792172352988714,0.04550888913572814,0.0748540810650773
621,1456704066803133,0.0846634087897279,0.05374691682468521,0.04222667880937196,0.07649809346013267
622,1456704066818094,0.0806896363148369,0.05156572726809047,0.04261702063361006,0.07893117557664336
623,1456704066839865,0.07860285085270884,0.04849888811575997,0.04764020883071745,0.08445241290947497
624,1456704066863378,0.07966479435344478,0.04569541428789368,0.056714708245905875,0.0940104708882396
625,1456704066877639,0.08358807051099205,0.043794348603912424,0.06804687344061458,0.10669403559925006
626,1456704066899615,0.08895645067898542,0.04285037438443352,0.07952580322133555,0.12029393956943975
627,1456704066922599,0.09429203866654234,0.042541840779673684,0.08991633376625009,0.13268070088651288
628,1456704066938105,0.0991999929174714,0.042460756788745745,0.09987426693418701,0.1432386122302678
629,1456704066959962,0.10488024997737591,0.0423269099046515,0.1121881936643769,0.15345426052620603
630,1456704066983999,0.11358000979198961,0.04209316571777134,0.13076848735279978,0.16610606425961466
631,1456704066997633,0.12722098200122997,0.04197274721455695,0.15840536882130515,0.18328862591345643
632,1456704067019967,0.14606396450328007,0.04239188798430703,0.19415049371037352,0.2043661821430316
633,1456704067042977,0.1683298796544284,0.04383433499396395,0.2318715520682519,0.22527337977152773
634,1456704067057521,0.1909917061848756,0.04658587572570834,0.2613657692190171,0.23990506179412993
635,1456704067079485,0.2109807875920501,0.05048830902548537,0.27210022477690365,0.24290750915565987
636,1456704067102648,0.22573248073333138,0.05485091761079874,0.2579009184750374,0.23209277620912416
637,1456704067117749,0.23280288162289245,0.058578161768244534,0.22009568180596606,0.2090023283311136
638,1456704067139743,0.2295090981585987,0.0604528103812388,0.16744802636639444,0.17764307160783332
639,1456704067162715,0.21375217069707847,0.05948094288139777,0.11304246679534008,0.14267558224077698
640,1456704067178018,0.18588568321800497,0.0552225404240686,0.06975747945987307,0.10824384996199193
641,1456704067199980,0.1500334500779517,0.04801056167658388,0.046293240425996515,0.07761282897097173
642,1456704067222753,0.11334163698625373,0.038938474589351284,0.045061805210419005,0.05307678844491087
643,1456704067237752,0.08325356939869345,0.02956387715196837,0.062244987658978485,0.035766051285741236
644,1456704067259740,0.06441419539999334,0.02142167583312353,0.08955828426075606,0.02547567230420247
645,1456704067282777,0.05699965980582649,0.015552894767383758,0.1169486480886143,0.020798553577564455
646,1456704067297742,0.05725746822338784,0.01224833543032707,0.13545783864778896,0.019622858368523434
647,1456704067319744,0.05972852621290652,0.011092196867813722,0.1395590244671985,0.01980030862323527
648,1456704067343029,0.05981623100069623,0.011250196045681341,0.12837544909068324,0.019725812385344564
649,1456704067358055,0.05543569109486042,0.011855746213507965,0.10544544850480028,0.018652016472148338
650,1456704067379804,0.04721687423979222,0.01233420250693098,0.07714808612369467,0.016687856662087913
651,1456704067403024,0.03755641550532413,0.012551549065598652,0.05038210778433939,0.014541924098543168
652,1456704067419052,0.029228580497038244,0.012748664125998684,0.030360033277913562,0.013138829970443555
653,1456704067439814,0.024216835298150087,0.01330602480384428,0.019295172962678117,0.013240127107806456
654,1456704067463021,0.023133431302278858,0.0144571928271766,0.016345246377357407,0.015165203220665627
655,1456704067478068,0.02527798568869126,0.016096458358633575,0.01862614190956849,0.018677733193494354
656,1456704067500111,0.029160231371712992,0.017779073228363303,0.022702480279432967,0.02307909574338783
657,1456704067523108,0.03319520554753788,0.018908707265707966,0.02588667682403992,0.027487043124837962
658,1456704067537817,0.03626639155966662,0.01900526357157841,0.026912074953960686,0.031176009368293855
659,1456704067559328,0.03795826753506682,0.017911553451935555,0.025907153966775787,0.03380378459595315
660,1456704067582334,0.03845022485051614,0.01585009829101423,0.023889481412528713,0.03542234214888903
661,1456704067597369,0.038218268435754175,0.013333601240221428,0.022105671790246306,0.03630848531034504
662,1456704067619527,0.03772480459398493,0.010993244771390631,0.02147841613541763,0.03673103213493863
663,1456704067642751,0.03723026173462788,0.00939529788985377,0.02229524427763515,0.036770283973609715
664,1456704067657047,0.03679308665940664,0.008896635750308204,0.02418378918175854,0.036273785394525505
665,1456704067679141,0.036427378719899865,0.00956867291879528,0.026359222694186394,0.03497718395616598
666,1456704067703047,0.03627477596869237,0.011200329668005925,0.02804669875161944,0.03272762789529225
667,1456704067718062,0.03662457545386955,0.013374230906209329,0.02888856141776118,0.029676943063085378
668,1456704067740277,0.03774203884122956,0.015595282125015156,0.02913234949617614,0.02633416264179499
669,1456704067762465,0.03963257838006497,0.017432488767776366,0.029509376820439057,0.023454974940600525
670,1456704067777548,0.04193271416974815,0.018622648121545234,0.030882040620896955,0.021815617860640988
671,1456704067799506,0.044051404916709634,0.01909941281199917,0.03383804389192411,0.021949036156124827
672,1456704067830525,0.04553690558590616,0.01895097863473589,0.03839367686042279,0.023941910484960468
673,1456704067837516,0.04646902554793845,0.018342932453700993,0.043894081326202046,0.027393352973763347
674,1456704067859595,0.047583013185216044,0.0174484880813399,0.049142249606185046,0.03157658618622304
675,1456704067882447,0.049942251419130106,0.01641290447548306,0.0527476741068723,0.035728605785701806
676,1456704067897316,0.05426492697680734,0.015356180079272861,0.05360591760082871,0.039298762841252936
677,1456704067919600,0.06027709271704146,0.01439782885331632,0.05131896538845134,0.04200846018075484
678,1456704067942825,0.06651347413071643,0.013677012860817486,0.04634857440105092,0.04372066378774142
679,1456704067957669,0.07076312134079836,0.013345182134310844,0.03981991334124354,0.04427237202132006
680,1456704067979339,0.07097998205255475,0.013527421654908929,0.033085689427909154,0.043439203647275555
681,1456704068002346,0.06619188009507741,0.014272812900277689,0.02728501589185844,0.04106628180060734
682,1456704068025340,0.05694520135491643,0.015522457019679551,0.023106913270387795,0.03725003778721779
683,1456704068039858,0.04509609101526431,0.017109000848994048,0.020819435875181626,0.03241992253191139
684,1456704068062438,0.033093258409074316,0.018782179696468157,0.020450870031367696,0.02724926816927256
685,1456704068085642,0.023101966635895817,0.020249420023039783,0.02192566788874365,0.0224362877557923
686,1456704068099588,0.016340285573604254,0.021224668134324286,0.02502976621692836,0.018468954047202047
687,1456704068122667,0.012877545649763181,0.021480018109803132,0.029257206969466744,0.015500414546529636
688,1456704068145626,0.011945028917726856,0.020892788488757794,0.033723593066873406,0.013418163190236329
689,1456704068159884,0.012599283432953003,0.01948107302876974,0.03730703693030674,0.012102089274852113
690,1456704068182876,0.014428940593132038,0.017423005085421505,0.03902385017456237,0.011760274482919622
691,1456704068205907,0.01796205937145261,0.015055432814437343,0.03848621099760496,0.013151113723516275
692,1456704068219944,0.024539914592819415,0.012846707545497271,0.03620952713607861,0.017498852095978127
693,1456704068242517,0.03565305812180684,0.011337801162383428,0.03356419284017143,0.026023175541410603
694,1456704068265529,0.051994089428718714,0.011048113987208908,0.03230728162457144,0.039208951052804454
695,1456704068279528,0.07263702050309118,0.012352297150632203,0.033850451953688056,0.056134763257606704
696,1456704068302811,0.09473149844046388,0.015353318794008416,0.038601969382600895,0.07423202500375928
697,1456704068325688,0.11394086352600835,0.019792164477534527,0.045723502046857704,0.0897195706188994
698,1456704068339993,0.12562413213670487,0.025032095176183218,0.05343764830967642,0.09870548182696134
699,1456704068362441,0.1264714825634909,0.030139832901236317,0.059734732402776734,0.09863785596734487
700,1456704068385734,0.11599633319939903,0.03406905209257747,0.06313781281916095,0.08951967281275919
701,1456704068399726,0.09716843831533435,0.03592626272371399,0.06319406087500544,0.07426609340699022
702,1456704068422446,0.07575156998117617,0.035252039196133116,0.060528796166240295,0.05791322519536748
703,1456704068445600,0.05851263741884087,0.03220272586697362,0.05649607968636572,0.04595065535610885
704,1456704068461301,0.05102059647591594,0.02752536650437475,0.05259063771952691,0.04247942954994003
705,1456704068483265,0.05589715870757452,0.02230925326206574,0.049848712863491115,0.04892210103971783
706,1456704068505600,0.07208834487046023,0.01762132356228212,0.048476867183204306,0.0636822098099173
707,1456704068519559,0.09527213616213585,0.014198986315538063,0.047871410082086584,0.08273499732303621
708,1456704068543084,0.11918083348037987,0.012332278467474044,0.04701244197581986,0.10085859069216818
709,1456704068565674,0.13743484942609394,0.01194707502733482,0.04502683837071056,0.11311806418714343
710,1456704068579638,0.1453555638013219,0.012787086551735513,0.04163917022870548,0.11619715747157508
711,1456704068603004,0.14117987093825293,0.014561419789674842,0.03730510223251197,0.10920619196647069
712,1456704068625714,0.1262882328761656,0.016985505786863503,0.0329872550229718,0.09375005745184173
713,1456704068639702,0.10445913040052995,0.019734221406632786,0.029701628885603796,0.07330340942264893
714,1456704068662180,0.08052576436277539,0.02238112442258337,0.02806523453669782,0.052161495955762555
715,1456704068685440,0.05894349592596653,0.024401728999945447,0.028070701820008342,0.034304905855686914
716,1456704068700178,0.042706970949226604,0.025283426058755304,0.029192032651168015,0.02247101215704916
717,1456704068723178,0.03288838168960107,0.024716660163599483,0.030733458159037323,0.017642371830591388
718,1456704068744480,0.028847911909494928,0.022769621313186394,0.03218600594203009,0.01905565041305131
719,1456704068759795,0.0289328114295727,0.01993085381343602,0.033373588364792144,0.02468875497085301
720,1456704068782655,0.03132554284721062,0.016967839199343936,0.034346935409462986,0.032033975181944216
721,1456704068804795,0.03470215877624537,0.014651218702428973,0.03516582056956907,0.03888056152276994
722,1456704068819796,0.03849986885615942,0.013466939267700935,0.035750988213175426,0.043851909260130724
723,1456704068842799,0.04277758639177691,0.013447822057121736,0.03588925942833867,0.04656042881522206
724,1456704068864797,0.04780427274535353,0.014202294651318864,0.035350678294253264,0.04740145591884418
725,1456704068879798,0.05358559289278592,0.015122783042565901,0.03401862579592738,0.04712723955560178
726,1456704068903092,0.059531212201940915,0.0156650172002743,0.03195509244249304,0.04638202332558849
727,1456704068925064,0.06439762391651575,0.015558644295947771,0.029380716489067617,0.04536476699354814
728,1456704068939822,0.06655263790895571,0.014859680290791056,0.026595856334380576,0.04374603522212676
729,1456704068962839,0.06450702549400616,0.01384736859263083,0.023884467607611752,0.040880909957115755
730,1456704068984840,0.05753963509809555,0.012841657600836187,0.021433154619141286,0.036221452284767884
731,1456704069000010,0.04614977247075149,0.012040157517520505,0.019283403600360582,0.029712111238529758
732,1456704069023018,0.032096275221578756,0.011447285819725964,0.017330206470473623,0.021949913339532324
