,timestamp,x,y,z
0,1456704054358492,-1.7175869164466945e-05,1.8748802384171296e-05,-1.4787382191791364e-05
1,1456704054374493,0.0020937060877443403,0.003989791899792972,0.0013954549829035903
2,1456704054397494,0.003992132493692927,0.007530964107569461,0.002927248298535761
3,1456704054420024,0.0054881604694748815,0.01029328691803401,0.00463228484452255
4,1456704054434513,0.006444571485448433,0.01207318815777344,0.0064685012548527845
5,1456704054457509,0.006804025684342745,0.012824675366779864,0.00828615042530033
6,1456704054479510,0.0066155488654092804,0.012635196669369473,0.009841867127772214
7,1456704054519058,0.006040512969036599,0.011688656906997238,0.010847907195311889
8,1456704054521056,0.005316937715662138,0.010232990581122882,0.011060798789635158
9,1456704054532524,0.004684826403733262,0.008551382661772997,0.010388231281895057
10,1456704054554526,0.004304057402854215,0.006924241474256572,0.008960689019803611
11,1456704054578526,0.004207184780880473,0.005575230588869428,0.007115463123138427
12,1456704054592527,0.004314411789848557,0.004615899362208763,0.005288110158719219
13,1456704054636540,0.004502203684996154,0.004021077761709372,0.0038627560238640715
14,1456704054644541,0.0046811825007899745,0.003658760075471288,0.0030518477284709605
15,1456704054656542,0.004832431927547027,0.0033642143457949915,0.0028517153881708547
16,1456704054674738,0.004983665134302703,0.0030183472430498617,0.003080892497867826
17,1456704054697666,0.005151837490651628,0.0025914786661365087,0.003477260612429211
18,1456704054712546,0.005299922933789489,0.0021397701334898538,0.003811099087927509
19,1456704054735431,0.00534007082726585,0.0017668453164674455,0.003965603051284725
20,1456704054758477,0.005179085257424387,0.0015733014377097975,0.003953844363220131
21,1456704054772107,0.004772530213422104,0.0016156322129124738,0.003877461801054118
22,1456704054795365,0.004152487816771546,0.0018892596065586452,0.0038599961785749323
23,1456704054818410,0.0034186793235789215,0.0023382868262577794,0.0039869071612678685
24,1456704054831619,0.0027063141105258255,0.002880548280558086,0.0042677909252042965
25,1456704054854621,0.0021477620696214667,0.0034304251493906777,0.004627066916711756
26,1456704054877623,0.0018383392273492603,0.003909763892326249,0.004928597149951091
27,1456704054891623,0.001813520026591577,0.004251215257106737,0.005031816672166342
28,1456704054915128,0.0020438044749601643,0.004403811344851601,0.0048578816883540895
29,1456704054937635,0.002448236337510135,0.004343450074540475,0.004431504359727067
30,1456704054953637,0.002920910624161495,0.004081267803201644,0.003874861542420816
31,1456704054974638,0.003361193549908015,0.0036615237663377067,0.003358368358460769
32,1456704054997639,0.0036980477358816866,0.0031479040957084494,0.0030367150887187404
33,1456704055013912,0.003901323116002736,0.0026055606736277563,0.003001936069200401
34,1456704055034651,0.003977671798867384,0.0020889696455004348,0.003270292207093938
35,1456704055064653,0.003954328439688827,0.001641218792659385,0.0037981770524345717
36,1456704055073653,0.003859782921427606,0.0013020912490561787,0.004507659966629809
37,1456704055094654,0.0037145397582870037,0.0011165205898276726,0.005305433362204783
38,1456704055118378,0.003540828463160701,0.001135606695960497,0.006097415206990342
39,1456704055134384,0.0033841035716390853,0.0014070782768073535,0.006814574093734533
40,1456704055155383,0.0033239860782735223,0.001956290100762702,0.007453625696133016
41,1456704055178446,0.0034557190145674175,0.002762852775053209,0.0081050213805083
42,1456704055194367,0.003844629802328698,0.003743832153595245,0.00892409580944067
43,1456704055215171,0.0044771107304693225,0.004757643300898001,0.010030798375027876
44,1456704055238183,0.005238115299701597,0.005635739681145716,0.01138713409683993
45,1456704055254385,0.005934875400513576,0.006232362235780181,0.012741747690115707
46,1456704055274186,0.006362757717201064,0.006467425578500449,0.013699896425900221
47,1456704055298187,0.006382797684089709,0.006338454137243704,0.013891183824178933
48,1456704055314187,0.005970768876562643,0.005897601547720436,0.01313830457143675
49,1456704055334200,0.00521580198430343,0.005214362419169209,0.01153440562440466
50,1456704055358201,0.004279261894352073,0.004352980436859834,0.009401555669616295
51,1456704055374203,0.003344295364135381,0.0033794956071593538,0.007168021032242245
52,1456704055394203,0.0025796642161506284,0.002390075676197241,0.005228230404006689
53,1456704055418224,0.0021202193435581346,0.0015383803175546976,0.003841337507423254
54,1456704055434232,0.0020524776985141762,0.001041780004239084,0.0030986048955373357
55,1456704055454234,0.0023977365583413906,0.0011560320824007247,0.0029553600878331134
56,1456704055478234,0.003098767256282996,0.0021164278798455004,0.0032934980801724097
57,1456704055500236,0.004023304067445318,0.004052681478664655,0.003973164463289013
58,1456704055514236,0.004992382516286707,0.006900971826534966,0.00485030164946214
59,1456704055537253,0.005830314888487895,0.01035259383062625,0.005764677755658737
60,1456704055559255,0.0064207786841177774,0.01387644303807251,0.006523966697850217
61,1456704055574371,0.006743703564500203,0.016826116154741808,0.0069154861194223845
62,1456704055597257,0.006871715109588593,0.018608478907667397,0.006764293727429935
63,1456704055619769,0.006928345117683544,0.01886601536658123,0.006024752555649062
64,1456704055635284,0.007033644505684202,0.01761041669167257,0.004857857622322179
65,1456704055658290,0.007262666867806137,0.015243580242996754,0.003635983183085696
66,1456704055680287,0.007625031187067538,0.01243357481252817,0.0028456983457527426
67,1456704055695288,0.008063348671394856,0.00988063974965619,0.0029136659677860863
68,1456704055718808,0.008468508763866865,0.00807492105805383,0.004026138105059892
69,1456704055740370,0.008707932873394731,0.007159914074705775,0.006023019160182778
70,1456704055762316,0.008659682294581545,0.006955553195118398,0.00842093903900311
71,1456704055778371,0.008249407796217623,0.007105723086280492,0.010568293128805369
72,1456704055800370,0.007490635920924119,0.007261453220501428,0.011874100777763356
73,1456704055816381,0.006519570539665944,0.007217327980604442,0.012009806245151158
74,1456704055838485,0.005601456819532366,0.006960852599490061,0.010995492251452467
75,1456704055860492,0.005084178834533401,0.006639665638546994,0.00915181154460434
76,1456704055875336,0.005292625392632955,0.006480233255242402,0.006972581406238357
77,1456704055899337,0.006389751563661017,0.0066974136735215946,0.004992924134803598
78,1456704055920352,0.008263976467769957,0.007421372003261123,0.00369165821707737
79,1456704055935366,0.010514006305365498,0.008649619792507128,0.0034184818478127867
80,1456704055958362,0.012568590995935037,0.010223422603629058,0.004321271399299691
81,1456704055979364,0.013905679679772784,0.011838229048630184,0.006277017546849129
82,1456704055995393,0.014270157398941193,0.013111345593517582,0.008869810974786013
83,1456704056027222,0.013783231448223176,0.013712758028940602,0.011466871735262927
84,1456704056039707,0.012890935375040187,0.013513864897037724,0.013401662722437029
85,1456704056055505,0.012173128577660756,0.012674013688468117,0.014202057889572002
86,1456704056078507,0.012093851590992888,0.011608130234905563,0.013752126669432901
87,1456704056102509,0.012800290031428324,0.010840208596340599,0.012300446642723124
88,1456704056116035,0.014056425163769126,0.010799302042059006,0.010320310704822313
89,1456704056138617,0.0153384632617532,0.011635348865594185,0.008312317039329
90,1456704056160618,0.016054695898770063,0.013126793708900058,0.006652365633643494
91,1456704056176619,0.01580072359324758,0.014727579838151025,0.0055371046900741005
92,1456704056198620,0.014533694406841154,0.015754868283098647,0.005016232787963671
93,1456704056220220,0.012577228098805165,0.015652487158247436,0.005063446815121638
94,1456704056235437,0.010458210806950686,0.01421190964968364,0.005632418423996968
95,1456704056258437,0.008669225131587991,0.011643943941363472,0.0066645076590910535
96,1456704056279438,0.007480250711866015,0.008478300609265311,0.008051216181477116
97,1456704056295473,0.006881340909074499,0.005364453860581245,0.009589578451524467
98,1456704056319244,0.006659212444321528,0.002884309908922726,0.010980063564304813
99,1456704056340474,0.006542544618175045,0.0014481892176230805,0.011892965236258811
100,1456704056356255,0.006331516242937196,0.0012719987576110465,0.012083517198176966
101,1456704056378396,0.005957712472797281,0.002384824168932278,0.011496513783039005
102,1456704056402397,0.005468138314059014,0.00462453296332536,0.01029488681561899
103,1456704056416152,0.0049629580856538486,0.007626023262753664,0.008786128731698522
104,1456704056453418,0.004530864888931229,0.010845391955911653,0.0072877798173231235
105,1456704056461416,0.004216596204196184,0.013659914338817298,0.006016174241858301
106,1456704056476417,0.00402880109419516,0.015537711567036509,0.005060626482279216
107,1456704056498421,0.003972731817569665,0.01621241661466246,0.004439306235887226
108,1456704056521937,0.00408670067880174,0.015775180875060784,0.004180988474386412
109,1456704056542454,0.004468434489400218,0.014637870098864924,0.004370218257954711
110,1456704056559447,0.0052807313926885755,0.013395093004421179,0.005122538003110216
111,1456704056581449,0.0067213527871102415,0.0126492135155687,0.006499673699857854
112,1456704056595464,0.008945803143510869,0.01284283667539893,0.008414421026109595
113,1456704056619012,0.011958968975458402,0.01412409636303026,0.0105896656251523
114,1456704056641483,0.015529131241002483,0.016287057571237048,0.0126083417456161
115,1456704056655484,0.019186207585491503,0.018834834991678505,0.014036866687543316
116,1456704056678485,0.022324547534485033,0.021159869777509305,0.014565127409688794
117,1456704056701486,0.02437050681604992,0.022763471783391602,0.014105439753141234
118,1456704056724007,0.02494672028293603,0.023415766515779396,0.012818607218583696
119,1456704056738508,0.023977153714382807,0.023196326303726263,0.011061598405891679
120,1456704056761509,0.021700329224013673,0.02241051901601882,0.009270994106432454
121,1456704056782550,0.018583122786689565,0.021421283803624302,0.007818415133049702
122,1456704056798511,0.015167272387786729,0.020474637297826198,0.006892831147313706
123,1456704056822031,0.011918340451383855,0.019611196691408688,0.006458160624392874
124,1456704056843007,0.009141455774476927,0.01870924982457642,0.006301261419546493
125,1456704056858945,0.006977813943893909,0.01761520085699889,0.0061474827628872014
126,1456704056881734,0.005447522153001444,0.016261706167133717,0.005793918971017289
127,1456704056903011,0.004495988660661076,0.014701703709369688,0.005200456286441973
128,1456704056919486,0.0040243400645848,0.013062154910452347,0.004496584578736164
129,1456704056941758,0.003907199330582291,0.01147123475793984,0.0039069357549635555
130,1456704056962761,0.004007211254136878,0.010009332498630006,0.0036409261396891223
131,1456704056978779,0.004191808454713022,0.008704727896804872,0.0038021059390355464
132,1456704057008762,0.004353087226257806,0.007565554939127473,0.004353782742579705
133,1456704057022771,0.004426971687085622,0.006618758993936481,0.005148793874144759
134,1456704057038778,0.004404255020782839,0.005924145353472441,0.006002573990298016
135,1456704057061780,0.004327663975572048,0.005550791628350025,0.0067673527047137265
136,1456704057082781,0.004274211558299169,0.005528998913932547,0.00736720603822696
137,1456704057099019,0.004326265128156965,0.00580769615268064,0.00778341746297393
138,1456704057122237,0.004539092278984749,0.006247674468832887,0.008015342181646522
139,1456704057142329,0.004917758263561734,0.006661045609545599,0.008055502444316605
140,1456704057158192,0.005414304501423609,0.006875910330217029,0.007901154169910128
141,1456704057180193,0.005943390713033766,0.006789005854256768,0.007591769171781296
142,1456704057202199,0.0064041292140819195,0.00638276583631696,0.007235798113954783
143,1456704057218709,0.006700563504286106,0.00570989892192513,0.006992400942935588
144,1456704057240227,0.0067633183715943585,0.004864079838861663,0.007007385973758501
145,1456704057262387,0.006571998516353798,0.003954452078643202,0.007339636531924734
146,1456704057279228,0.006165580192586277,0.003092548066625888,0.007921529515793375
147,1456704057301350,0.0056277102107862055,0.002389449433142269,0.008574133926533412
148,1456704057323185,0.0050517389558019385,0.0019520450891176197,0.009071109986780616
149,1456704057339384,0.004507580862357512,0.001865644142754916,0.009226316168471036
150,1456704057361149,0.004030477644528508,0.0021604913553265738,0.00896608475093761
151,1456704057384351,0.0036330374990549926,0.002776897548406284,0.0083480178760238
152,1456704057399353,0.0033236913098466502,0.003553993738313209,0.007516867430511779
153,1456704057428859,0.0031123856728821836,0.0042604583744685785,0.006627305374787273
154,1456704057443362,0.0029998785125248104,0.004664872405946932,0.005779347383101311
155,1456704057458363,0.0029647888249572933,0.004620784599830834,0.004996475618061643
156,1456704057481365,0.002964330763372468,0.0041291790997241935,0.004249235077023999
157,1456704057504377,0.0029513197066879807,0.003347030506566127,0.0035063849577638595
158,1456704057519155,0.002897400411334906,0.002535565859698803,0.002785480826371783
159,1456704057540989,0.002809353504985889,0.001971574247656161,0.0021761013246693805
160,1456704057563990,0.0027289099360999465,0.001858757740639271,0.0018223812394885317
161,1456704057579131,0.0027131625819194136,0.0022683052304198993,0.0018701392467061946
162,1456704057601256,0.0028016609757131974,0.0031219834656324922,0.0023991840233001218
163,1456704057624356,0.002985272226538289,0.004218547738228914,0.0033709279700785103
164,1456704057639000,0.0031958315592364147,0.005294270694031004,0.004622037682474711
165,1456704057661003,0.0033293781211160313,0.006099818402486255,0.00591922997963737
166,1456704057684003,0.003298145387815276,0.006473739344086993,0.007057815508816618
167,1456704057699040,0.0030853843355320857,0.006396515209601169,0.007952216263923118
168,1456704057721030,0.0027691240897118434,0.006009559096335857,0.0086575713048108
169,1456704057744038,0.002496665320145532,0.005582254128498415,0.009296995925928439
170,1456704057765044,0.0024207392146399676,0.005421354780795896,0.00993479257465674
171,1456704057781050,0.002628975897536589,0.005744695372489482,0.010484939256892192
172,1456704057804041,0.003099934244472133,0.006568845439663016,0.010733042335566559
173,1456704057819103,0.003706834487221126,0.007669025230028202,0.010475990589472498
174,1456704057841086,0.0042717596452782735,0.008651681020315946,0.009694324220536198
175,1456704057864087,0.00465150511647159,0.009135617911999187,0.008637961624940224
176,1456704057885117,0.0048181987135817814,0.008974130509985648,0.007758881297632494
177,1456704057901301,0.004895113455426982,0.008399406838776088,0.0075214473899035865
178,1456704057924298,0.005125347388665897,0.007982693363091552,0.008187945590635862
179,1456704057944843,0.005780882246167407,0.008397782612489716,0.009682926580327407
180,1456704057961555,0.007048985522653641,0.010094856409006123,0.01160311814072482
181,1456704057984558,0.008945713881315943,0.013049434925827821,0.013378567848316904
182,1456704058004784,0.011290823391609644,0.016713095751296227,0.014515358550410582
183,1456704058021115,0.013745743240703665,0.02019521119813626,0.014795519946477886
184,1456704058043805,0.015893285183349252,0.022603622807434796,0.01432704242805829
185,1456704058064807,0.01733363137314239,0.023400807869245237,0.013428788957951692
186,1456704058080808,0.01777480748929723,0.022612202053727545,0.012434117565806346
187,1456704058118023,0.017102710377464803,0.02077796542042149,0.011533004460011173
188,1456704058125292,0.015421353041474973,0.01866567675050536,0.01073268571588222
189,1456704058140752,0.013046574004661932,0.01689710618886299,0.009936940502978183
190,1456704058163754,0.010432324786848687,0.01569244129603139,0.009074823901460824
191,1456704058185037,0.00803987410593848,0.014855868873471975,0.008189978081154826
192,1456704058200756,0.006205300389969933,0.013974787702769626,0.0074378368582389155
193,1456704058224364,0.0050634923513594,0.01269023438911483,0.00700168255040334
194,1456704058244857,0.004546569907068488,0.010886137786969376,0.006986706004007005
195,1456704058260853,0.004440060056117965,0.008723067066933094,0.007355431497286954
196,1456704058283853,0.004471922646330202,0.006536572108818984,0.007933786043801275
197,1456704058306878,0.004408521650576286,0.004674975250646664,0.00847478042284836
198,1456704058321154,0.004127206476934497,0.0033593157718738603,0.008742225361509117
199,1456704058343663,0.003639559053903156,0.0026219058499786967,0.008578566406244091
200,1456704058366664,0.003060236277760819,0.00233356977936697,0.007941234599382441
201,1456704058388664,0.002540999643484956,0.0022865631622801755,0.006910335120027735
202,1456704058403665,0.002200963180473261,0.002284063153970598,0.005670606028441746
203,1456704058426961,0.0020799125436842467,0.002201198926297849,0.004463051500015272
204,1456704058440281,0.0021295830811803476,0.002008406275002971,0.0035101549958612855
205,1456704058464282,0.002242934463909235,0.0017642282408209902,0.002941149295750895
206,1456704058486402,0.002306600965572652,0.0015864579358002026,0.0027542388828216036
207,1456704058500404,0.0022527478151208396,0.0016079058760365057,0.002837280215382848
208,1456704058524075,0.002087984292237043,0.0019256951621576502,0.003038023388793376
209,1456704058546378,0.0018878084703395656,0.002559221223471594,0.0032481586914406267
210,1456704058560402,0.0017609244863580308,0.0034323061076156495,0.003457208066059223
211,1456704058583380,0.0018015966998828552,0.0043857966822482735,0.00374890600746861
212,1456704058606397,0.0020521223183657274,0.0052161165298718485,0.004243973823112311
213,1456704058620673,0.0024899442263943993,0.005730739928337617,0.005019146716908364
214,1456704058643485,0.0030417311080616466,0.00580902647778516,0.006042555157982405
215,1456704058666486,0.003616251750023586,0.00545073907095411,0.007161105818270733
216,1456704058680494,0.0041391219783920505,0.004790630574185551,0.00815359133432646
217,1456704058703487,0.004568566587596056,0.004065706815678899,0.008824002762965353
218,1456704058727345,0.004882354703171482,0.003541389567785355,0.00907896211115793
219,1456704058740576,0.0050503668271858594,0.0034213285349260596,0.008946912412231271
220,1456704058763578,0.005022002112690352,0.003773050410358469,0.00854672558721477
221,1456704058786579,0.00474549668616503,0.0044986112185478365,0.00804375249545782
222,1456704058807585,0.004208713711005228,0.0053671553667835265,0.007611290658551329
223,1456704058824119,0.003473124987958211,0.006101870020826552,0.007384616596306345
224,1456704058846613,0.0026763598059286364,0.006485358444277699,0.007402828946721953
225,1456704058867613,0.0019971685126428033,0.0064367236716502295,0.007568854847508955
226,1456704058883650,0.0015962882611576163,0.006030361385152391,0.0076698893745966714
227,1456704058906651,0.0015581001921442384,0.005455346908488083,0.007467942107600509
228,1456704058928122,0.0018582791883530773,0.004936215541346102,0.006820236709088558
229,1456704058943677,0.002372811415840152,0.004646397125332161,0.005766558665586647
230,1456704058966643,0.0029279311120266474,0.0046479547241467765,0.0045423372119654006
231,1456704058987889,0.0033742318320806254,0.004883702434155614,0.003515623185679497
232,1456704059003840,0.0036551704824938857,0.00522511007699004,0.0030704536932173575
233,1456704059027388,0.0038361131813515067,0.00554891730114148,0.0034687212802525136
234,1456704059047982,0.004073697038794406,0.005799285316462234,0.0047327444818093005
235,1456704059063983,0.0045347957824797315,0.0060036940840144555,0.006596452519429099
236,1456704059094246,0.005301760489129613,0.00623789250178984,0.008557306179647894
237,1456704059107983,0.006309641004767911,0.006560289156529358,0.010022218826023731
238,1456704059124309,0.00734974454698719,0.006952723200915086,0.010499264160340905
239,1456704059145960,0.008145545754732654,0.007305950870769691,0.009768594379334061
240,1456704059168082,0.008469008933713806,0.0074644320382103065,0.007978392300372217
241,1456704059184192,0.00823946964163035,0.0073054750174828785,0.005638654193111899
242,1456704059206194,0.0075570010400652435,0.006805719464244086,0.0035102552839144834
243,1456704059228448,0.006662529931100405,0.006064616790125785,0.0024091318408487284
244,1456704059244035,0.005853206475606946,0.005289390219071005,0.0029682513867984968
245,1456704059266038,0.0053882402338701575,0.004759988548149546,0.005417185698050524
246,1456704059289304,0.0054086586927342434,0.004778964609663889,0.009446880358819595
247,1456704059304306,0.005889708200922813,0.005600652402266542,0.014224564304919907
248,1456704059326060,0.006647876183672317,0.007348176705001917,0.018596859824700877
249,1456704059348370,0.007413732253881616,0.009949489432084799,0.021450375195709127
250,1456704059363371,0.00794832799753983,0.013125063463724614,0.022106082565648864
251,1456704059386424,0.008146413554000158,0.01643686299993469,0.020574055320919285
252,1456704059408370,0.00806612698167446,0.01938754292174143,0.017544671978131372
253,1456704059424304,0.00786472421441755,0.021554036167709515,0.014114582326431688
254,1456704059445357,0.007681931984983489,0.022724750795228926,0.011363886626200375
255,1456704059468357,0.007551941096021155,0.022973076892526163,0.009966740796178469
256,1456704059483358,0.00740709056128389,0.022596145571435463,0.010007988275188501
257,1456704059505359,0.007167144120994025,0.021925838344847532,0.011076559926676471
258,1456704059530156,0.006838606515356515,0.021124530323308945,0.012551630711734206
259,1456704059543163,0.006539372778500538,0.020103053423232105,0.013895809881014807
260,1456704059565165,0.006427062052457299,0.018615703383479593,0.01479802412629407
261,1456704059588335,0.0065872837506043645,0.016469952160277683,0.015138462887559342
262,1456704059603365,0.006962544768516888,0.013718369007813138,0.014874410348053271
263,1456704059625693,0.007364312825922251,0.010713227216653135,0.013975738907319716
264,1456704059649737,0.007554732608610732,0.007989612479822654,0.01246236292692121
265,1456704059663702,0.007352122383914781,0.006043913743568627,0.010490676221168026
266,1456704059686006,0.006712030972526305,0.005126025154081853,0.00839085245660296
267,1456704059709704,0.0057506726148536785,0.005145360387208797,0.006595019279131895
268,1456704059723995,0.004701528967323838,0.005727263388626064,0.005476193559147419
269,1456704059745504,0.0038235658983226052,0.0063833915868870775,0.005181367767047191
270,1456704059768505,0.0033007826054494748,0.00671023206798629,0.0055516882256441335
271,1456704059789797,0.0031769938579359097,0.006527823542065485,0.006177748419484456
272,1456704059805507,0.0033529967326264907,0.005912586465918138,0.006568906904369031
273,1456704059828801,0.0036419030614117756,0.00513012589043511,0.006359382784974587
274,1456704059850099,0.0038493962885518098,0.0045059088999910195,0.005456840742189553
275,1456704059866100,0.0038381863474996206,0.004284103128730574,0.004069556791308446
276,1456704059890101,0.0035541284651261374,0.0045269072294494925,0.0026102426052070403
277,1456704059912101,0.0030185095072896937,0.005093568171935362,0.0015316561431735498
278,1456704059926114,0.0023058154319799667,0.005705389072346715,0.0011690070124396094
279,1456704059949124,0.0015231374321494125,0.006063984075127998,0.00164453656509099
280,1456704059969126,0.0007960743630764399,0.005967893315731592,0.00285332895477398
281,1456704059985126,0.00025730394276843213,0.005379477795201983,0.004518307976311685
282,1456704060009138,3.090507869742797e-05,0.004422359403202959,0.006284091358270517
283,1456704060029648,0.00020753854456012662,0.0033215085561178613,0.00781323995808997
284,1456704060045158,0.0008127140487018991,0.002318325201458636,0.008853658315520752
285,1456704060069258,0.0017799709228575418,0.0015960975818523771,0.009263513595058013
286,1456704060090260,0.00294641202725092,0.0012397630672369643,0.009006098950264628
287,1456704060106291,0.004083370507255613,0.001235616202851384,0.008142936393340256
288,1456704060129118,0.0049591510815537535,0.0015010114379127326,0.006840396666530869
289,1456704060149575,0.005411539263617211,0.0019271933432499745,0.005375170387523988
290,1456704060165574,0.005398596995310366,0.0024188460628846624,0.004109455991915487
291,1456704060188575,0.005005722146503826,0.002917558469097487,0.0034187081905444963
292,1456704060211576,0.004409856874571743,0.003402488516534209,0.003579912250887382
293,1456704060225906,0.0038219867695969394,0.003870959872520899,0.00465548069546469
294,1456704060248379,0.003432080212454429,0.004310824675053793,0.006427714203802862
295,1456704060272382,0.0033672874635649825,0.004679499592319413,0.008433249709595856
296,1456704060285380,0.003662707796186831,0.004902080560054321,0.010104692099521088
297,1456704060308381,0.004248630983283396,0.004896374607631841,0.010967010377222263
298,1456704060331687,0.004968678592937715,0.004622843813039555,0.010803177396917475
299,1456704060345980,0.005637109222583646,0.004138264174172574,0.009721342837743223
300,1456704060369211,0.006115845280244903,0.0036150707344193476,0.00810161916214872
301,1456704060392252,0.006366041762288232,0.003296585006337324,0.0064421686060798355
302,1456704060406249,0.006436699390615313,0.003395123814418321,0.005160099913618881
303,1456704060428755,0.006398119157405023,0.003978482809108954,0.004432033063486873
304,1456704060451941,0.006274038844358096,0.0049035344242796906,0.00415337406265323
305,1456704060466205,0.006028280771150127,0.005841349169587852,0.00403784477477574
306,1456704060489206,0.005616053986688481,0.006403649585808588,0.0038031503423028206
307,1456704060512207,0.005059387166879027,0.006329917027160157,0.0033469740837119974
308,1456704060526303,0.004492664537983063,0.005648087523881678,0.0028304054152500703
309,1456704060548927,0.0041483082476082515,0.004718421016665527,0.002636824175242536
310,1456704060571895,0.004285010269017893,0.004125878735935179,0.0032325602962585066
311,1456704060586159,0.0050835681352570435,0.004465367242088387,0.004992811973326522
312,1456704060609162,0.0065521822619183856,0.0061136976661157055,0.008057924063049272
313,1456704060632222,0.008491690986567301,0.009081060733471659,0.01225992293944233
314,1456704060645846,0.01055108506626094,0.012995353880752944,0.017128963264310064
315,1456704060668870,0.012350728100188658,0.017218375261055355,0.02197103775468461
316,1456704060692115,0.013605498293766725,0.021047995476609373,0.026004163912596023
317,1456704060712849,0.01418768935289739,0.023936253578832802,0.028534164508760163
318,1456704060729145,0.014120713722840393,0.025642564624497568,0.029129931853265987
319,1456704060760031,0.013537957951543219,0.026249585121359317,0.027741689622006415
320,1456704060773032,0.012641116841452135,0.02602799179682611,0.02472146174218265
321,1456704060789253,0.011658450002320261,0.025235005586563202,0.020740166027424376
322,1456704060812253,0.01078154091989246,0.023981763140721698,0.016620895991195157
323,1456704060833015,0.010086765909125214,0.022244865896678324,0.013123440318604799
324,1456704060848969,0.009496176390716326,0.019984706416940962,0.010736431998266488
325,1456704060871970,0.008828992765434958,0.017267954617371357,0.009552478506481785
326,1456704060893272,0.007924006023503159,0.014309151859461175,0.009288772995565641
327,1456704060908972,0.006749686716407109,0.01141644916177907,0.00945581876067501
328,1456704060931999,0.0054312874798911675,0.008892239758179552,0.009597093800807388
329,1456704060953008,0.004191084388874198,0.0069514029539149156,0.009479003236430826
330,1456704060969007,0.0032498160793007123,0.00568247212073497,0.009138450642222932
331,1456704060991017,0.0027419183725119287,0.0050425507118598365,0.008777467502311974
332,1456704061013009,0.0026723016723864002,0.00487623500139963,0.008579738999847486
333,1456704061035021,0.0029186888932038212,0.00496137094935805,0.00856396721925276
334,1456704061051042,0.00327408000937811,0.005078194372488867,0.008560622131005077
335,1456704061073050,0.0035194005515931676,0.005074853029022872,0.008317562134307042
336,1456704061089043,0.003504592630310258,0.004893829274236767,0.007659115233084482
337,1456704061111044,0.0032043352476250875,0.004549395011196937,0.006598097805851819
338,1456704061133198,0.0027211031647729074,0.004082581919610717,0.005342037664592384
339,1456704061148266,0.0022363562570448343,0.0035300578351042324,0.004203207285495179
340,1456704061170267,0.0019381408890922279,0.002921336510719851,0.003468540831908227
341,1456704061195268,0.0019575372876233722,0.002291965039367988,0.003292457114676478
342,1456704061208270,0.0023312871542002906,0.0016926799996785106,0.0036533728369281225
343,1456704061230652,0.0029947080060595357,0.001184896213015401,0.004381123352698698
344,1456704061254160,0.003804515336335413,0.0008257864376353742,0.005232901567271684
345,1456704061268161,0.004585489431905778,0.0006517617073545141,0.005979517874787665
346,1456704061291313,0.005184664252500122,0.0006680253029497072,0.006464965820373536
347,1456704061314164,0.005510921160236302,0.0008480417491240473,0.006619445791908937
348,1456704061328958,0.005543784620061878,0.0011424012263958488,0.006433529652769559
349,1456704061350697,0.00531183492070808,0.001492687696329672,0.005924358273812989
350,1456704061374697,0.004860519041526969,0.0018444873092789153,0.005126229097550787
351,1456704061388725,0.004236592098693113,0.002156043206795229,0.004114417696470043
352,1456704061410700,0.0035018589678187046,0.0024030928715636246,0.0030398240126246136
353,1456704061441808,0.002762691772667285,0.0025815116152157337,0.002137676019755524
354,1456704061450781,0.002185965286231642,0.0027064795030294327,0.0016865387644404656
355,1456704061470782,0.001976287749554457,0.0028049968177238376,0.0019216181162929134
356,1456704061494783,0.002308720390414364,0.0029019549903744855,0.002930275278391255
357,1456704061508784,0.0032377625372953262,0.0030054698476566777,0.00457208077225548
358,1456704061531077,0.004626045824965526,0.0030991049719216934,0.006469774120645469
359,1456704061555372,0.006138925277004618,0.003146046482457885,0.008102967336146424
360,1456704061568374,0.007327203201575345,0.0031059206933320028,0.008996470793783814
361,1456704061590374,0.0077822288845028785,0.0029617353152152923,0.008937848215639019
362,1456704061614376,0.007315338417245652,0.002752808543703986,0.008114074955486338
363,1456704061635174,0.006096500743695231,0.0026053237187755396,0.0070692188527789425
364,1456704061650993,0.004685888009937688,0.002743838633694551,0.00647198965602143
365,1456704061674995,0.003912412326610142,0.0034632649524458064,0.00679664974146073
366,1456704061695182,0.004604079994655809,0.005051340036453476,0.008081848115350364
367,1456704061711228,0.007246918080477991,0.007675770170062297,0.00989813839476652
368,1456704061734984,0.011704961063590718,0.011276246278453883,0.011550677784969092
369,1456704061754730,0.01713617607624758,0.015512006642109551,0.0124257627446777
370,1456704061771019,0.0221816024780797,0.019797939654904558,0.012312015459775873
371,1456704061794993,0.02540465968775109,0.023423894122522246,0.011526798493117075
372,1456704061814946,0.02583862660694741,0.0257223146232697,0.010769240479423807
373,1456704061830958,0.02340735645005826,0.02624638913375173,0.010769231104531396
374,1456704061854968,0.01899529679090012,0.024920840639693402,0.011919175342985382
375,1456704061875254,0.014103901783538798,0.02210824521262881,0.014081064465931747
376,1456704061890970,0.01025857502638128,0.018531758517749023,0.01665865664109588
377,1456704061913972,0.00845371377614967,0.015054519260111372,0.018887870319641297
378,1456704061936268,0.008864837343309846,0.012402398434675475,0.02019602888602357
379,1456704061950277,0.010894125085257157,0.010951794994225406,0.020447170685517258
380,1456704061973277,0.013471065533297416,0.010664611317652608,0.019946536546137268
381,1456704061995320,0.015463154570117101,0.011178192424840146,0.01921101765801218
382,1456704062010279,0.016052231898297062,0.011990496607486545,0.018650981754510368
383,1456704062033806,0.014963357240734306,0.012646254188915665,0.018355888096400555
384,1456704062055348,0.012481510725838361,0.012848958930688142,0.01809656806782896
385,1456704062070314,0.009268040416478596,0.01248542777247865,0.0175124224406538
386,1456704062093350,0.006075666126965444,0.01160046946137522,0.016344819828696892
387,1456704062116316,0.003498476208542264,0.010358102543305868,0.014573451030091803
388,1456704062130841,0.0018486190356560535,0.008995064444367297,0.012399620650267883
389,1456704062153369,0.0011630914935499797,0.007759725170164631,0.010127812541863278
390,1456704062176334,0.0012815791706924848,0.006843189300567337,0.008045847030855102
391,1456704062190335,0.001933007964519561,0.006323937953801839,0.0063685910480053886
392,1456704062213338,0.0028037114886544532,0.006147930775076025,0.005234906810903993
393,1456704062237096,0.00359318805964146,0.006154985092764661,0.004706541974546455
394,1456704062250351,0.004070836422319799,0.006143982765310286,0.004743790793690517
395,1456704062279353,0.0041306018686625475,0.00595050796567559,0.005184956868148639
396,1456704062296354,0.003818356857020237,0.0055024527817896535,0.005771726150070196
397,1456704062311354,0.0033041596478960073,0.004831122636999082,0.006227511600106707
398,1456704062333900,0.002800228040114334,0.004041975637971178,0.006350707392999959
399,1456704062357119,0.0024640354510184746,0.003269356316962849,0.006071612864819168
400,1456704062371085,0.002337636381669677,0.0026378532670093403,0.005448201711010497
401,1456704062393883,0.002349563193321053,0.002237354703834069,0.004616084091286034
402,1456704062423157,0.002367735608068008,0.0021083820692273706,0.0037290969728911317
403,1456704062431162,0.002267465794644766,0.0022349592529856245,0.0029184714893988124
404,1456704062453175,0.0019797579966376235,0.0025467159931663592,0.002276397029561666
405,1456704062476175,0.0015069163660309825,0.002933577452824841,0.0018551858310932499
406,1456704062491177,0.0009159913254247813,0.0032749215714801593,0.001673529036526408
407,1456704062514178,0.0003270887132604109,0.003480590955569169,0.001728360046371902
408,1456704062537158,-9.760873726277894e-05,0.003532219137358138,0.002012572374581793
409,1456704062559164,-0.0001716419590584589,0.0035039774491585807,0.00253290554559579
410,1456704062573083,0.00028105073767428025,0.003543324882690758,0.003316532207546318
411,1456704062596088,0.0013728014456791324,0.0038111161640375212,0.004395755781779946
412,1456704062618161,0.0030902576726850343,0.004406205103151769,0.005768012962649698
413,1456704062634069,0.005244526269991234,0.00531185870329427,0.007343381672624887
414,1456704062656794,0.007462196453167191,0.006389692712074126,0.008912694771092475
415,1456704062678072,0.009246082307641304,0.007421891001354232,0.01017855973094109
416,1456704062693951,0.010113592870284308,0.008181970328725231,0.010861345668258943
417,1456704062716798,0.009773340253578195,0.00850645655019552,0.010828186832503774
418,1456704062737842,0.008256567913493938,0.008343482561626443,0.010156445179585496
419,1456704062753313,0.005931138416462601,0.007766697635060749,0.009088617237091933
420,1456704062776315,0.0033983140203492574,0.006959593807965165,0.0079276686991995
421,1456704062797315,0.001339741816513475,0.006188747100760208,0.0069612034807847185
422,1456704062813316,0.00038135649852694505,0.005784474702982928,0.006450373456835946
423,1456704062836580,0.0009901088511350045,0.00612752677877535,0.006642128806314115
424,1456704062858126,0.0033851016637089933,0.00761227866606751,0.00774579447415061
425,1456704062874088,0.007459551072211965,0.0105519991555415,0.009864927747433153
426,1456704062896088,0.012746636591745318,0.015029733409288837,0.012929136123452699
427,1456704062917089,0.018474996026636832,0.02075664947842431,0.016668725579699777
428,1456704062934134,0.023730676372587814,0.027031553428113943,0.020629577004920508
429,1456704062962381,0.02768879204338792,0.032868998641805744,0.024204187097602418
430,1456704062977303,0.029832238659248875,0.03728046486786063,0.026689981663114277
431,1456704062993303,0.03006978240361179,0.039595644319175984,0.027423570556041475
432,1456704063016304,0.028715835647004577,0.0396699302940048,0.026004388775836104
433,1456704063038031,0.02636191159779195,0.03787937873164329,0.022521329704813162
434,1456704063053540,0.02369329207263411,0.03491756267431783,0.017631567632827888
435,1456704063076539,0.02128872863456998,0.031505042132741135,0.012396911343043493
436,1456704063099541,0.019449213237542243,0.02815468891441271,0.007929672540466651
437,1456704063113543,0.01812967190861636,0.02509092632349003,0.005018021511678479
438,1456704063136968,0.017019942421957517,0.022317373769917312,0.0039023320360886808
439,1456704063159967,0.01573591677282853,0.019741273948414965,0.004278101274220781
440,1456704063174004,0.01402299263528146,0.017268079579837912,0.005490404781444952
441,1456704063196755,0.011881868361703116,0.014845678673061408,0.006817193841675061
442,1456704063219756,0.009568508339809387,0.012477628928386717,0.007722327721042762
443,1456704063234131,0.007472769967592052,0.010220293571652194,0.007987026305023463
444,1456704063256716,0.005937549671233751,0.008168737498207464,0.007690876309403546
445,1456704063279718,0.0051115402722514075,0.006432870061062711,0.007083084885209122
446,1456704063293969,0.004904775814653785,0.0051030399478739375,0.006424226672734343
447,1456704063316721,0.00505365730201041,0.004211870380436429,0.005872758734244279
448,1456704063339513,0.0052467071085697614,0.003713212537780122,0.005452695981668058
449,1456704063353521,0.005244749170869363,0.003496368936656945,0.005093410109341661
450,1456704063382527,0.004947961971694145,0.0034299468652580017,0.004702111843641161
451,1456704063399523,0.004396933799941852,0.003408896466579726,0.004227088129423492
452,1456704063413524,0.0037252856671350226,0.0033792238393138357,0.003688087284508277
453,1456704063437010,0.00309471280638711,0.003332735299214309,0.0031702028477150253
454,1456704063459978,0.00263776224514286,0.003282823115162957,0.0027895066175769637
455,1456704063473980,0.002420168501958502,0.0032395353430571113,0.0026451137066587547
456,1456704063496981,0.0024256024234975385,0.0031966184141535635,0.0027757199785645808
457,1456704063519982,0.002563575262001851,0.0031337207737191764,0.003137486513018024
458,1456704063535008,0.0026997372169861545,0.0030314849976135413,0.0036132165979397223
459,1456704063556518,0.002701954672166644,0.002893344675360166,0.00405180715786354
460,1456704063579520,0.0024883125753641443,0.0027614837360329506,0.004326181423949686
461,1456704063600521,0.0020622163656063186,0.0027126528164165145,0.004390035432304669
462,1456704063616522,0.0015264997579233686,0.002830942847620026,0.0043096049173548395
463,1456704063639822,0.0010739571244992637,0.0031722450474418198,0.004250172408696804
464,1456704063661832,0.0009498186770760949,0.003742070918956907,0.004412892137717473
465,1456704063676833,0.0013817698181028781,0.0044979323144008964,0.004941775887280623
466,1456704063700239,0.002487955344711621,0.005369490429779808,0.005839935491200286
467,1456704063721138,0.004197355962544367,0.006279998236619048,0.006936277194578673
468,1456704063736862,0.006228432242185361,0.007158901018518303,0.007926737626058751
469,1456704063760100,0.008154881127506916,0.007949277196624893,0.008484443677103558
470,1456704063781003,0.009545290252284355,0.008618031575369917,0.008401323218485286
471,1456704063796872,0.010120875685136196,0.009167958588889604,0.007703405353513181
472,1456704063818873,0.009862553461636904,0.009644704854014991,0.006686792432597322
473,1456704063847985,0.00902249346364263,0.01013755651868731,0.005852425358176758
474,1456704063857263,0.008034699350014309,0.010777928458049573,0.005758632413026466
475,1456704063878986,0.007354984804190709,0.011731068204536668,0.006838614865657156
476,1456704063901229,0.007290431964288726,0.013164631619984045,0.009237043077876705
477,1456704063916988,0.007893506745782923,0.015182258525140926,0.012715923803376966
478,1456704063938785,0.008976499336770067,0.017738163936497717,0.016673388210064137
479,1456704063960576,0.010244029865516036,0.02058183669910473,0.020297176368890862
480,1456704063976579,0.011471067130798162,0.023286733133008337,0.022819937902664206
481,1456704063998580,0.012615227963463158,0.02538041989032957,0.023774976530844528
482,1456704064021591,0.013785326943265558,0.0265343294241863,0.02312769133958748
483,1456704064036880,0.015088020162019789,0.026717211208501193,0.021221903266717194
484,1456704064058390,0.016466653677259233,0.026207288290810846,0.018597376594257916
485,1456704064081392,0.01765121590836233,0.025429652482723095,0.015807083221774907
486,1456704064096393,0.018254937832989333,0.024704752960230354,0.013323829378219368
487,1456704064118394,0.01795336673426715,0.02406411379852662,0.011522042201906744
488,1456704064141256,0.01664047526525665,0.023248731620772428,0.010659767035645125
489,1456704064156246,0.014491668721210693,0.0218867842741819,0.010815548392832225
490,1456704064179248,0.011923926775867214,0.01973739039688601,0.011810373436305834
491,1456704064201249,0.009473865565373909,0.016855128509480677,0.013195580780574884
492,1456704064216250,0.007625208133146196,0.013590276447423544,0.014370960813526255
493,1456704064239184,0.0066403526092572,0.01044569816219288,0.014816198051748237
494,1456704064261840,0.006469172582058547,0.007882898753455719,0.014325933287846858
495,1456704064276841,0.0067842217010980945,0.0061690701787715675,0.013107820077259304
496,1456704064298843,0.007130688844597675,0.005316668623749901,0.011669299564110749
497,1456704064321843,0.007121379825700709,0.005123275009460473,0.010545286651481989
498,1456704064336659,0.0065852094382378885,0.005277282647823463,0.010021163837972684
499,1456704064366677,0.005605197403181465,0.0054693155096131405,0.010011727452869471
500,1456704064381679,0.0044433850238944795,0.00546490949386444,0.010159056853926256
501,1456704064396679,0.0034053269012641533,0.005135519946434301,0.01007429321105297
502,1456704064418680,0.0027136169033968208,0.004466354697701974,0.009563450151610238
503,1456704064441863,0.002438786135484143,0.0035485126350855425,0.008703157127225686
504,1456704064462829,0.0025004703892592727,0.0025504552111345726,0.007745606904113622
505,1456704064479088,0.0027239229881271445,0.0016703905446194402,0.00694571473871086
506,1456704064503102,0.002922492010791872,0.0010836933286594963,0.006435891567415193
507,1456704064523103,0.0029716929483484685,0.0009018620168202218,0.006211851924627831
508,1456704064538574,0.002845669352406893,0.0011520274194951282,0.006197677744793707
509,1456704064561204,0.002605561695826069,0.0017758201927822379,0.006311203539940582
510,1456704064583206,0.00235453330959103,0.0026403980579808675,0.006480961336599569
511,1456704064606085,0.0021891596727014245,0.003557592561049804,0.006628473452051885
512,1456704064621161,0.002171937471490113,0.004315330672143683,0.006660777995300776
513,1456704064643204,0.002331568029961499,0.0047261869458957015,0.006499711685121225
514,1456704064658204,0.0026801163807513703,0.004685259428745,0.00613489773629416
515,1456704064681179,0.0032272842162612727,0.0042147606901308,0.00566195805541526
516,1456704064703194,0.003974614434261291,0.0034729069293460107,0.005273424576938509
517,1456704064718201,0.004888128674592636,0.0027209147955293673,0.005198858782701757
518,1456704064734211,0.00587032583239518,0.002257770310326572,0.005617849685123163
519,1456704064754981,0.006762193746384722,0.0023377968830745758,0.006579092807277592
520,1456704064777983,0.007388187563881393,0.003088274994925396,0.007955640554247653
521,1456704064793130,0.0076236532887486415,0.0044511956233258985,0.009458595928977036
522,1456704064815130,0.007446054697873363,0.006178757815155845,0.01071615370653236
523,1456704064838202,0.006947345415147399,0.007904336770493875,0.01139892394802303
524,1456704064852513,0.006316448554426856,0.009282979752472767,0.011345496684085089
525,1456704064874219,0.005810074064266824,0.010153448809175333,0.010632459953360924
526,1456704064897511,0.0057099146986025525,0.010639760959658406,0.009552599618742406
527,1456704064920549,0.0062502894331994295,0.01111694554930464,0.008506807498677004
528,1456704064935008,0.0075207944663246715,0.012027560579430236,0.007855153625314956
529,1456704064957798,0.00938635696908316,0.013624442336012049,0.0077895969816588785
530,1456704064972528,0.011482962833141413,0.015777033261866222,0.008282172882777111
531,1456704064994524,0.013321429362983174,0.01796859390202688,0.009132216416520738
532,1456704065017748,0.01447348179379462,0.019516259228696188,0.010085573327139273
533,1456704065031963,0.014752896075582226,0.019904949484283892,0.010950080873634607
534,1456704065056043,0.014284965787851541,0.019039236211012053,0.011634810451684212
535,1456704065078187,0.013416540178520217,0.01726803176854491,0.01211116283153307
536,1456704065093189,0.012525967105776744,0.015190047497659996,0.012364238962685665
537,1456704065115144,0.011855382353170114,0.013376348552935334,0.012392392624425468
538,1456704065137873,0.01145354587947042,0.012162340800011372,0.012237521834959091
539,1456704065152352,0.01122927406009654,0.011583456395874278,0.011984676596602163
540,1456704065175353,0.01105185046771978,0.011437251684773019,0.011708670501116717
541,1456704065198742,0.010828560709953711,0.01140907513327989,0.011415348146259637
542,1456704065212494,0.010522805099897867,0.011199035912698252,0.011042308072145528
543,1456704065235160,0.010120589541185793,0.010610197804859441,0.010529544970348857
544,1456704065258034,0.009587784488242428,0.009587066729689286,0.009901503814161761
545,1456704065272706,0.008864698039339989,0.008215106009126314,0.009285216701106833
546,1456704065294701,0.007908624339350915,0.006692654720401324,0.008839406720047153
547,1456704065317963,0.00674663392145973,0.005275822124562377,0.00864295051311146
548,1456704065332919,0.005489017456519855,0.004199210184003263,0.00862756826382185
549,1456704065354909,0.004290544204242113,0.003595275206873136,0.00861117281313537
550,1456704065377908,0.003289277481307935,0.0034495306690207946,0.008415471017721138
551,1456704065392915,0.0025610629817535745,0.0036166770711976754,0.007986399860481223
552,1456704065414877,0.002108771240593729,0.0038900996932496462,0.00743060735165707
553,1456704065438152,0.001883517749459661,0.004087912598360092,0.006943710743564383
554,1456704065452393,0.001819434173330306,0.0041127982264750245,0.0066839138901357625
555,1456704065476387,0.0018580588672556064,0.003963081132323038,0.006673544197896459
556,1456704065497389,0.0019495526216093747,0.0037021121666605023,0.006779978894446634
557,1456704065521389,0.0020398681432561793,0.0034104101366954904,0.00677589496330987
558,1456704065534984,0.0020662976223273202,0.0031445607391577374,0.006443168054231586
559,1456704065557996,0.0019759692910673236,0.0029183407364752694,0.005672286609530971
560,1456704065580997,0.0017608644137775797,0.0027112383170233754,0.004517383849744996
561,1456704065595203,0.0014880550216530956,0.002496941415906365,0.0031925523282563257
562,1456704065618172,0.0013056327129986319,0.0022743956372150687,0.0020211423151831466
563,1456704065640828,0.0014173400096882467,0.002085588922617535,0.0013576543426544402
564,1456704065655169,0.002030284805608301,0.0020147617668832963,0.0014955586580370744
565,1456704065678139,0.003285160477269139,0.002171056659069309,0.0025716143920055425
566,1456704065700799,0.005182672093202707,0.0026574493332088864,0.004485750425701981
567,1456704065715071,0.007530812414352042,0.0035312224206571394,0.006868941578789427
568,1456704065737800,0.009947980637828042,0.0047689639563023405,0.00913584354663792
569,1456704065761126,0.011946357643813042,0.006254632602573362,0.01063984838556439
570,1456704065775124,0.013082502389285001,0.007802460033026585,0.01090264264008051
571,1456704065797055,0.013120401987983579,0.009207337579242622,0.009836676926510435
572,1456704065820063,0.012136532108527567,0.010299185145880786,0.007854647830262913
573,1456704065834886,0.010518500777274774,0.01098162899600903,0.0057965129167576466
574,1456704065858121,0.00885487232144423,0.011255917687020195,0.004687335487324738
575,1456704065881115,0.007756858002348482,0.011244164859337364,0.005410151157276112
576,1456704065895120,0.007672148856028778,0.011211502413290707,0.008397997543826894
577,1456704065918159,0.008746102811050666,0.0115529100107918,0.013433864566051277
578,1456704065941128,0.010770245018142352,0.012695482412071787,0.019624515277519135
579,1456704065954142,0.013241991417834343,0.014907739069615027,0.025583379194002387
580,1456704065977143,0.015532412776796976,0.01809244065149871,0.029804515891841157
581,1456704066001158,0.017111094187032133,0.021698685715794894,0.03113466822184673
582,1456704066015139,0.01773138678309192,0.02485526623224874,0.029180530324423408
583,1456704066037931,0.017481069059053583,0.02670185801094125,0.024471399632475355
584,1456704066061226,0.01667315982018686,0.026756826825642153,0.01827904427905983
585,1456704066075227,0.015650149336087195,0.02511516029430115,0.012164728800886085
586,1456704066098229,0.014624020460621407,0.022362708166762373,0.007468511097393174
587,1456704066120562,0.013631144091571672,0.019263404589952113,0.004959930247403613
588,1456704066135067,0.012589927860177886,0.016408554135257842,0.004744845034237509
589,1456704066158152,0.0113944223252739,0.014025760984322929,0.0063869758452700185
590,1456704066180081,0.009988162407134165,0.01202682783220169,0.009135451020903969
591,1456704066195152,0.008398374277799625,0.010215471045793125,0.01215599947269993
592,1456704066218153,0.006732727174676246,0.008491339016565189,0.01471128375103428
593,1456704066240634,0.005150869630605892,0.006925207686720957,0.016281017263719205
594,1456704066254383,0.00382770463954931,0.00569218810953229,0.016626123957092166
595,1456704066277390,0.0029184295017411392,0.004941751611376978,0.01579386203058544
596,1456704066308652,0.0025230655558720412,0.0046990029437297695,0.014062013058457478
597,1456704066314385,0.002649252222196924,0.004845921177009849,0.011838888087052208
598,1456704066337604,0.0031878459711193806,0.005174510077666602,0.009552868040410924
599,1456704066361110,0.003925872183883142,0.005470942052579085,0.007561457673587151
600,1456704066375112,0.004608142330529088,0.005586310139629467,0.006092269864437715
601,1456704066398123,0.005026709771847434,0.005465554297728686,0.005217570844923787
602,1456704066421147,0.0050911194003734,0.005130659043811415,0.004863644680090486
603,1456704066437163,0.004838957614415361,0.004637785048214163,0.004853165838454818
604,1456704066458176,0.004386152327798524,0.004039266317326572,0.004968548820109017
605,1456704066480922,0.003856293889883048,0.003372616332330621,0.005016106983807005
606,1456704066495169,0.0033340032938600096,0.0026759877635485207,0.00487208089279595
607,1456704066518173,0.0028600435228050805,0.002010766234022307,0.004500867578801863
608,1456704066540934,0.0024532647383645146,0.0014699508923563507,0.003946472570825594
609,1456704066555143,0.0021305535852428124,0.00116211902442491,0.0033043365882819784
610,1456704066578172,0.001906279049668069,0.0011737950115519229,0.002684042298504757
611,1456704066601136,0.0017764002227125897,0.0015233579750452222,0.002178037186180599
612,1456704066614945,0.0017095927545116112,0.0021277300260280404,0.0018515895224526294
613,1456704066638038,0.0016638611325071472,0.0028051501440693413,0.0017567225632719103
614,1456704066660545,0.0016253339552439474,0.0033269403332706602,0.001954013903430361
615,1456704066675258,0.0016435274878850942,0.003507680821772411,0.002516318292341681
616,1456704066697260,0.0018315460633795751,0.0032965760365418254,0.00349620364009892
617,1456704066721260,0.002317190891073188,0.0028214318964833542,0.004862442364164438
618,1456704066742865,0.0031629254225209566,0.0023538740872793558,0.006441093935131184
619,1456704066757071,0.00429870352287821,0.0022030957016051966,0.007914535089117374
620,1456704066780067,0.005513601022123894,0.002582331331342116,0.00891361428267317
621,1456704066803133,0.006524195896903919,0.0035080653415881314,0.009179553956698174
622,1456704066818094,0.007090971389005133,0.004780935152207672,0.00871008756027863
623,1456704066839865,0.007120101004222558,0.006063152944641896,0.007796752380648438
624,1456704066863378,0.00669867739138286,0.0070234294279126145,0.006924793884636781
625,1456704066877639,0.006059178343247758,0.007490551247593947,0.00659022768876098
626,1456704066899615,0.005508020402910076,0.007557381776035985,0.007121771012305267
627,1456704066922599,0.005353931157522372,0.007598652948941549,0.008571209354291912
628,1456704066938105,0.005849766428447841,0.008188630332387816,0.010700903920538395
629,1456704066959962,0.0071464650791354944,0.009927264309318066,0.013076727580313965
630,1456704066983999,0.009261082370915285,0.013215228229790073,0.015243965190755467
631,1456704066997633,0.012069517649809954,0.018050223144470724,0.016909587785996768
632,1456704067019967,0.015329812132943266,0.02392610356734505,0.018023290213099022
633,1456704067042977,0.018724540902996804,0.02989485563971522,0.01869719807475258
634,1456704067057521,0.0219023912133988,0.03480506378751578,0.019017168776807036
635,1456704067079485,0.02451027673824633,0.03766011509676586,0.01889176048203927
636,1456704067102648,0.026225476034494866,0.03796128111836004,0.018071028259039404
637,1456704067117749,0.026804162369658,0.03587190346836195,0.01634086773431827
638,1456704067139743,0.02614563427121943,0.03211221397837701,0.01375685079373939
639,1456704067162715,0.024338576993277374,0.02764279561799248,0.010744534007337254
640,1456704067178018,0.0216480892152252,0.023311201023570014,0.007990107788651352
641,1456704067199980,0.018443683406173608,0.019631512841834037,0.0061871605609540295
642,1456704067222753,0.015113084786111704,0.016756763942305995,0.0057789221800793175
643,1456704067237752,0.012000417495211416,0.0145861223908871,0.006808940922748237
644,1456704067259740,0.009370343677626583,0.012905997215966825,0.008919920836743325
645,1456704067282777,0.007384031532276282,0.011500508432158758,0.011480455404752307
646,1456704067297742,0.006083552646331601,0.010218983502832213,0.013788908125344822
647,1456704067319744,0.0053923467814684,0.009006156962622937,0.015289790415866013
648,1456704067343029,0.0051409388672679045,0.007894864293400741,0.015731220299177163
649,1456704067358055,0.005120028892159805,0.006962311242697467,0.015202805523719495
650,1456704067379804,0.00514654758771926,0.006267854150046441,0.014039720485022718
651,1456704067403024,0.005113676795382731,0.005808478076493688,0.012647714559633302
652,1456704067419052,0.005001725640131726,0.005523481012557587,0.011342259783822322
653,1456704067439814,0.004850276402461157,0.005342856273838359,0.010267867109275988
654,1456704067463021,0.004710526102025495,0.005234543959096156,0.009401716273534415
655,1456704067478068,0.004600501230678517,0.005207949880412516,0.008609143570777484
656,1456704067500111,0.004483797307437891,0.0052756005006062345,0.007722880131689463
657,1456704067523108,0.00428635120305238,0.0054132630389669405,0.006627614171255608
658,1456704067537817,0.003947048040245306,0.005553545481434429,0.005323976637323614
659,1456704067559328,0.003473066661771462,0.005613290542991259,0.003942896973961878
660,1456704067582334,0.002962276746399757,0.005529943155873513,0.0027022485480083834
661,1456704067597369,0.0025736276242492766,0.005283433902578095,0.0018267879960255462
662,1456704067619527,0.002458560033476412,0.004897465694082203,0.0014658535965472973
663,1456704067642751,0.002689004363880612,0.0044308712283281345,0.001639094397823549
664,1456704067657047,0.0032180671034314602,0.0039733828949937875,0.0022286386641901536
665,1456704067679141,0.0038920697716774834,0.003646250031950587,0.003021436188865014
666,1456704067703047,0.004509134736361617,0.0035899864632262064,0.003787681672139959
667,1456704067718062,0.004898996229262301,0.0039232340359092194,0.004363056072378472
668,1456704067740277,0.004987527721921445,0.004682894889206066,0.004694937387965234
669,1456704067762465,0.00481568199431268,0.005779836589594446,0.004828125021015035
670,1456704067777548,0.004507017693828978,0.007000971716115371,0.004841461299954253
671,1456704067799506,0.004205134320373389,0.00806369520802235,0.0047796504725556325
672,1456704067830525,0.004013312577760799,0.008704987961368111,0.004628105986823669
673,1456704067837516,0.003960845253785505,0.008772157709747283,0.00434733850976716
674,1456704067859595,0.004004975975559118,0.008274118257585974,0.003938487772741016
675,1456704067882447,0.004062782325795714,0.007364309232916675,0.003486580017741928
676,1456704067897316,0.004055729297630238,0.0062655880383976174,0.003144081398470449
677,1456704067919600,0.003944258422023366,0.005183558667795286,0.0030619033342639697
678,1456704067942825,0.0037368532650371156,0.004252688668699107,0.003310922410885015
679,1456704067957669,0.0034752694338849336,0.0035279541724503585,0.003840155875432343
680,1456704067979339,0.0032104596223629022,0.00300789648228827,0.004495241737506567
681,1456704068002346,0.002982462193248212,0.0026673050607158343,0.005090938431186828
682,1456704068025340,0.0028096372078296023,0.0024816965550416405,0.00550423180678598
683,1456704068039858,0.0026881451883652334,0.002433872431953245,0.005738358645398502
684,1456704068062438,0.0026001078641281167,0.0025045364208047677,0.005915665590576787
685,1456704068085642,0.002525213667236764,0.0026607311572576587,0.006195737658384064
686,1456704068099588,0.002449182953054267,0.002856795884206647,0.006666722009548515
687,1456704068122667,0.0023663341896815785,0.0030489773077077642,0.007281730382661097
688,1456704068145626,0.002278459755103669,0.003210899359375867,0.007881582549688603
689,1456704068159884,0.0021928424244473934,0.003337951200203443,0.00828098008989152
690,1456704068182876,0.0021193061817804024,0.0034407365428398913,0.008353379915857715
691,1456704068205907,0.0020654245201239922,0.0035358462985849485,0.008066224639262496
692,1456704068219944,0.0020320755659792994,0.0036394436047204647,0.007469492717627782
693,1456704068242517,0.002013478018529431,0.0037628668549722086,0.006670948235294007
694,1456704068265529,0.0020032228361681163,0.003909254617084659,0.005818820919800747
695,1456704068279528,0.002003533841415678,0.004074259179340486,0.005086352646592473
696,1456704068302811,0.0020330195717957788,0.004253003496841869,0.004644449716430518
697,1456704068325688,0.002128551740767946,0.004448298049884899,0.004618468518556295
698,1456704068339993,0.0023379413971091473,0.004671003806621875,0.005039527774557891
699,1456704068362441,0.0027024928905642577,0.004929285557669098,0.005811645722787869
700,1456704068385734,0.0032337553872403887,0.005214607878826759,0.006716899071567716
701,1456704068399726,0.0038938695539140217,0.0054974772606282965,0.007468496825562675
702,1456704068422446,0.004588827021624494,0.005741064086351733,0.007802066321527402
703,1456704068445600,0.005180012681863941,0.005930099790553058,0.007577332915175052
704,1456704068461301,0.0055161897769554005,0.006097593387683711,0.006851745782845559
705,1456704068483265,0.0054829331029011864,0.006319409687682548,0.005888988217977551
706,1456704068505600,0.005054400162001444,0.006658335159902523,0.005082394839858804
707,1456704068519559,0.004320561137351015,0.00708304952226716,0.004807055899007188
708,1456704068543084,0.0034674904148244323,0.007426801862416678,0.005255063378017884
709,1456704068565674,0.0027131366937109156,0.007437424547038907,0.0063316439843699645
710,1456704068579638,0.0022292244713529186,0.006905291773424893,0.007673650143744664
711,1456704068603004,0.002088704508276949,0.005792960689110724,0.008795985107084809
712,1456704068625714,0.0022610131473029893,0.004283745767111421,0.00930164352526217
713,1456704068639702,0.0026484412651622304,0.002720508195747674,0.009049615921975193
714,1456704068662180,0.003135897962261098,0.0014738546578942173,0.008195564296269348
715,1456704068685440,0.0036250505443197545,0.0008101864975014638,0.007093846335797637
716,1456704068700178,0.004041200400036802,0.0008139523326065377,0.006125303888421275
717,1456704068723178,0.004323637212691106,0.0013812627799200839,0.0055436204899903295
718,1456704068744480,0.004420362894686446,0.002272722498366551,0.005403877463800938
719,1456704068759795,0.00430002729897582,0.0032011136739700944,0.005582273984828945
720,1456704068782655,0.003976439541903428,0.003927325451578556,0.00585845404338849
721,1456704068804795,0.003527141094825841,0.004337292858874562,0.006023311764514441
722,1456704068819796,0.003085751102209293,0.004473917527580625,0.005974654243954327
723,1456704068842799,0.0028002949503606084,0.004507824279796461,0.0057600618764042325
724,1456704068864797,0.002771040929992043,0.004652435153833387,0.0055393106118677
725,1456704068879798,0.0029983434552888584,0.005054368079344654,0.005479730489639169
726,1456704068903092,0.0033699462977015543,0.0057048004835465165,0.005641977254206984
727,1456704068925064,0.0036961622436312218,0.006411220616533412,0.005922158141610087
728,1456704068939822,0.0037753728005947068,0.006845881719935962,0.006080640150732269
729,1456704068962839,0.003460744568686603,0.006660213273707084,0.005840137737009972
730,1456704068984840,0.002705426099704318,0.005630630738318023,0.005009760559965429
731,1456704069000010,0.0015758897817747225,0.003780353962304797,0.003586307332670979
732,1456704069023018,0.00023316126169494638,0.0014133865481198806,0.0017849756412552293
